t_capture,t_command,latency_ms,signal_age_ms
1788213499.171875,1788213499.172656,0.781,0.411
1788213499.180049,1788213499.180614,0.565,0.233
1788213499.186718,1788213499.188009,1.291,1.153
1788213499.189034,1788213499.196030,6.996,7.118
1788213499.203581,1788213499.204581,1.000,0.538
1788213499.205582,1788213499.212130,6.548,6.858
1788213499.218128,1788213499.220147,2.018,1.918
1788213499.221145,1788213499.228725,7.580,7.321
1788213499.235525,1788213499.236236,0.711,0.718
1788213499.238777,1788213499.244795,6.018,5.648
1788213499.250336,1788213499.252478,2.143,1.440
1788213499.254496,1788213499.260107,5.611,6.017
1788213499.266627,1788213499.267977,1.350,1.096
1788213499.271652,1788213499.275671,4.019,4.881
1788213499.281755,1788213499.284754,2.999,2.366
1788213499.287879,1788213499.292880,5.002,4.655
1788213499.297888,1788213499.300587,2.699,2.844
1788213499.305613,1788213499.308663,3.050,2.819
1788213499.314173,1788213499.316295,2.122,2.263
1788213499.321796,1788213499.324301,2.506,2.850
1788213499.331057,1788213499.332131,1.074,1.486
1788213499.339029,1788213499.340017,0.988,1.482
1788213499.346270,1788213499.348372,2.102,2.455
1788213499.354291,1788213499.356842,2.551,2.389
1788213499.363860,1788213499.364861,1.000,0.877
1788213499.370894,1788213499.372893,1.999,1.785
1788213499.376422,1788213499.379550,3.127,4.255
1788213499.388198,1788213499.388198,0.000,0.469
1788213499.396521,1788213499.396521,0.000,0.077
1788213499.404544,1788213499.404544,0.000,0.171
1788213499.407662,1788213499.412571,4.909,4.796
1788213499.412571,1788213499.421124,8.554,7.918
1788213499.424143,1788213499.428167,4.024,4.693
1788213499.430266,1788213499.435983,5.717,6.577
1788213499.438525,1788213499.444758,6.234,5.760
1788213499.446759,1788213499.452800,6.042,6.091
1788213499.454799,1788213499.460376,5.577,6.119
1788213499.468435,1788213499.468435,0.000,0.036
1788213499.471530,1788213499.476408,4.878,5.334
1788213499.483596,1788213499.484598,1.002,0.621
1788213499.488619,1788213499.492612,3.992,4.339
1788213499.499146,1788213499.501161,2.014,1.145
1788213499.505180,1788213499.509200,4.020,3.811
1788213499.515240,1788213499.517241,2.001,1.209
1788213499.521367,1788213499.525255,3.889,3.782
1788213499.530653,1788213499.532884,2.231,2.279
1788213499.538657,1788213499.540655,1.997,2.425
1788213499.547704,1788213499.549067,1.364,1.212
1788213499.555093,1788213499.557627,2.535,1.867
1788213499.563944,1788213499.564840,0.896,1.206
1788213499.570966,1788213499.572855,1.888,2.218
1788213499.580438,1788213499.580438,0.000,0.808
1788213499.589040,1788213499.589040,0.000,0.047
1788213499.596555,1788213499.597167,0.612,0.594
1788213499.596555,1788213499.605320,8.765,8.611
1788213499.608279,1788213499.612871,4.592,4.401
1788213499.613890,1788213499.621445,7.555,7.442
1788213499.623440,1788213499.629129,5.689,5.393
1788213499.630159,1788213499.637627,7.468,7.021
1788213499.639434,1788213499.645449,6.015,5.978
1788213499.647462,1788213499.653111,5.649,5.631
1788213499.655113,1788213499.661419,6.307,5.726
1788213499.664012,1788213499.669024,5.011,5.351
1788213499.671024,1788213499.677024,6.000,6.395
1788213499.684602,1788213499.685600,0.998,0.467
1788213499.688608,1788213499.693599,4.990,4.946
1788213499.699284,1788213499.701287,2.003,1.494
1788213499.705296,1788213499.709819,4.523,4.193
1788213499.714829,1788213499.717356,2.527,1.870
1788213499.721368,1788213499.725707,4.338,4.125
1788213499.730283,1788213499.733282,2.999,2.671
1788213499.738833,1788213499.741834,3.001,2.795
1788213499.746085,1788213499.749098,3.013,3.620
1788213499.755117,1788213499.757191,2.074,2.572
1788213499.763198,1788213499.765185,1.987,2.548
1788213499.771736,1788213499.773719,1.983,1.963
1788213499.780253,1788213499.781278,1.024,1.341
1788213499.788831,1788213499.789831,1.000,0.809
1788213499.796003,1788213499.798022,2.019,1.789
1788213499.805022,1788213499.806026,1.005,0.721
1788213499.813221,1788213499.813221,0.000,0.485
1788213499.821275,1788213499.821275,0.000,0.551
1788213499.829321,1788213499.829321,0.000,0.503
1788213499.829321,1788213499.837840,8.519,8.523
1788213499.838841,1788213499.845873,7.032,7.091
1788213499.846876,1788213499.853891,7.015,6.994
1788213499.855401,1788213499.861434,6.032,6.550
1788213499.863449,1788213499.869466,6.016,6.500
1788213499.871481,1788213499.877492,6.011,6.442
1788213499.885032,1788213499.886027,0.995,0.295
1788213499.888052,1788213499.894094,6.042,5.974
1788213499.901125,1788213499.902133,1.009,0.296
1788213499.905139,1788213499.910147,5.008,4.937
1788213499.917686,1788213499.917686,0.000,0.121
1788213499.921691,1788213499.925705,4.014,4.322
1788213499.932229,1788213499.933231,1.002,1.090
1788213499.938777,1788213499.941778,3.000,3.238
1788213499.947428,1788213499.949329,1.901,2.088
1788213499.955017,1788213499.958027,3.011,3.082
1788213499.963027,1788213499.965613,2.587,2.588
1788213499.971647,1788213499.973645,1.998,2.457
1788213499.979888,1788213499.982432,2.543,2.267
1788213499.988510,1788213499.990465,1.954,1.557
1788213499.997022,1788213499.998021,0.999,1.152
1788213500.005048,1788213500.006047,0.999,1.134
1788213500.013592,1788213500.014592,1.000,0.587
1788213500.013592,1788213500.022200,8.608,8.608
1788213500.029398,1788213500.030412,1.014,0.893
1788213500.029398,1788213500.037979,8.581,8.911
1788213500.039987,1788213500.046463,6.476,5.739
1788213500.046463,1788213500.053603,7.140,7.846
1788213500.055121,1788213500.062284,7.162,6.697
1788213500.063363,1788213500.070330,6.967,6.947
1788213500.072331,1788213500.077884,5.553,6.088
1788213500.079883,1788213500.086437,6.554,6.542
1788213500.088429,1788213500.094437,6.008,6.088
1788213500.096998,1788213500.101987,4.989,5.423
1788213500.105167,1788213500.110181,5.014,5.379
1788213500.116695,1788213500.118707,2.012,1.442
1788213500.121723,1788213500.126734,5.012,4.856
1788213500.133290,1788213500.134301,1.011,1.319
1788213500.138829,1788213500.142837,4.009,3.628
1788213500.148382,1788213500.150390,2.008,1.732
1788213500.154385,1788213500.158024,3.639,4.249
1788213500.164022,1788213500.166566,2.544,1.967
1788213500.171507,1788213500.174627,3.119,2.899
1788213500.180393,1788213500.182663,2.270,2.061
1788213500.187898,1788213500.190911,3.013,2.749
1788213500.196463,1788213500.198477,2.014,2.218
1788213500.204495,1788213500.206515,2.019,2.097
1788213500.212526,1788213500.214543,2.017,2.126
1788213500.222125,1788213500.222125,0.000,0.456
1788213500.229148,1788213500.230688,1.540,1.501
1788213500.229148,1788213500.238123,8.976,9.517
1788213500.246617,1788213500.246617,0.000,0.098
1788213500.254637,1788213500.254637,0.000,0.174
1788213500.258638,1788213500.263017,4.379,3.608
1788213500.263017,1788213500.271024,8.007,7.865
1788213500.274543,1788213500.278562,4.019,3.655
1788213500.280760,1788213500.286900,6.140,5.956
1788213500.290898,1788213500.294779,3.881,3.760
1788213500.296063,1788213500.303077,7.014,6.786
1788213500.305130,1788213500.310874,5.745,5.598
1788213500.313357,1788213500.318789,5.432,5.532
1788213500.321844,1788213500.327018,5.174,5.136
1788213500.330168,1788213500.334829,4.661,4.806
1788213500.338775,1788213500.342788,4.013,4.166
1788213500.347721,1788213500.350855,3.134,3.323
1788213500.355589,1788213500.358553,2.964,3.448
1788213500.363487,1788213500.366996,3.509,3.556
1788213500.372016,1788213500.374523,2.506,3.000
1788213500.380677,1788213500.383290,2.612,2.416
1788213500.388822,1788213500.390838,2.016,1.956
1788213500.396404,1788213500.399099,2.695,2.753
1788213500.405199,1788213500.407078,1.879,1.934
1788213500.414622,1788213500.415156,0.534,0.527
1788213500.422174,1788213500.423178,1.004,1.057
1788213500.430735,1788213500.430735,0.000,0.518
1788213500.438551,1788213500.439572,1.021,0.609
1788213500.446972,1788213500.447480,0.508,0.272
1788213500.455041,1788213500.455041,0.000,0.161
1788213500.463058,1788213500.463058,0.000,0.175
1788213500.463058,1788213500.471598,8.540,8.312
1788213500.477637,1788213500.479650,2.013,1.239
1788213500.479650,1788213500.487198,7.549,7.839
1788213500.491829,1788213500.495056,3.226,3.085
1788213500.497073,1788213500.503064,5.991,6.220
1788213500.508080,1788213500.511605,3.525,3.130
1788213500.513626,1788213500.519649,6.023,5.867
1788213500.522668,1788213500.527680,5.012,4.330
1788213500.530198,1788213500.535211,5.013,5.373
1788213500.539227,1788213500.543233,4.006,4.276
1788213500.547227,1788213500.551813,4.586,4.241
1788213500.555058,1788213500.559161,4.104,4.586
1788213500.563119,1788213500.567698,4.580,4.457
1788213500.571527,1788213500.575424,3.897,4.049
1788213500.580443,1788213500.584152,3.709,3.484
1788213500.588501,1788213500.592072,3.571,3.410
1788213500.596731,1788213500.599674,2.944,3.219
1788213500.605681,1788213500.607680,1.998,2.177
1788213500.613245,1788213500.615244,2.000,2.818
1788213500.621813,1788213500.623813,2.000,2.182
1788213500.631106,1788213500.632123,1.017,0.925
1788213500.638643,1788213500.639641,0.998,1.311
1788213500.647150,1788213500.648176,1.026,0.755
1788213500.654469,1788213500.656464,1.995,1.624
1788213500.663719,1788213500.663719,0.000,0.333
1788213500.663719,1788213500.672268,8.549,8.357
1788213500.679824,1788213500.679824,0.000,0.269
1788213500.687893,1788213500.687893,0.000,0.201
1788213500.695940,1788213500.695940,0.000,0.172
1788213500.695940,1788213500.704108,8.168,8.199
1788213500.708631,1788213500.711647,3.016,3.646
1788213500.713655,1788213500.720652,6.998,6.567
1788213500.723648,1788213500.728197,4.549,4.647
1788213500.730715,1788213500.736273,5.558,5.537
1788213500.738281,1788213500.743703,5.422,5.443
1788213500.747237,1788213500.752265,5.028,5.124
1788213500.754282,1788213500.759764,5.482,5.194
1788213500.763761,1788213500.768297,4.536,4.530
1788213500.771820,1788213500.776371,4.551,4.522
1788213500.780366,1788213500.784364,3.999,4.052
1788213500.788488,1788213500.792504,4.016,3.885
1788213500.796501,1788213500.800505,4.004,3.881
1788213500.804654,1788213500.808172,3.517,3.807
1788213500.813212,1788213500.816228,3.016,3.236
1788213500.821440,1788213500.824452,3.012,3.026
1788213500.829478,1788213500.832022,2.544,3.060
1788213500.839019,1788213500.840032,1.013,1.554
1788213500.847283,1788213500.848608,1.326,0.266
1788213500.854644,1788213500.856157,1.513,1.816
1788213500.863214,1788213500.864189,0.975,0.687
1788213500.871750,1788213500.872736,0.986,0.882
1788213500.878746,1788213500.880737,1.992,1.371
1788213500.887790,1788213500.888814,1.023,0.876
1788213500.894360,1788213500.896364,2.005,1.630
1788213500.904395,1788213500.904395,0.000,0.288
1788213500.909962,1788213500.912963,3.000,2.222
1788213500.913985,1788213500.921004,7.018,6.750
1788213500.924998,1788213500.928812,3.814,3.149
1788213500.931329,1788213500.936851,5.522,5.343
1788213500.940399,1788213500.944591,4.191,4.183
1788213500.946612,1788213500.953152,6.540,6.139
1788213500.956153,1788213500.961153,5.000,4.272
1788213500.963161,1788213500.969201,6.041,5.696
1788213500.971720,1788213500.976779,5.059,4.532
1788213500.979778,1788213500.984774,4.996,5.105
1788213500.987863,1788213500.993028,5.166,4.640
1788213500.996024,1788213501.001028,5.004,4.938
1788213501.005040,1788213501.008571,3.531,3.927
1788213501.013583,1788213501.016580,2.996,3.302
1788213501.022571,1788213501.024572,2.001,2.396
1788213501.030170,1788213501.032875,2.705,2.694
1788213501.038583,1788213501.040582,1.999,2.318
1788213501.046626,1788213501.049157,2.530,2.314
1788213501.055361,1788213501.057361,2.000,1.694
1788213501.063559,1788213501.064556,0.997,1.491
1788213501.072131,1788213501.073353,1.222,0.921
1788213501.080384,1788213501.080384,0.000,0.182
1788213501.088175,1788213501.089189,1.014,0.958
1788213501.097072,1788213501.097072,0.000,0.035
1788213501.105075,1788213501.105075,0.000,0.025
1788213501.112726,1788213501.112726,0.000,0.517
1788213501.113734,1788213501.120858,7.123,7.456
1788213501.127578,1788213501.129293,1.715,1.455
1788213501.130291,1788213501.136824,6.533,7.036
1788213501.142834,1788213501.144897,2.063,1.803
1788213501.146876,1788213501.153377,6.501,6.377
1788213501.158416,1788213501.160908,2.493,2.147
1788213501.162915,1788213501.168963,6.048,6.235
1788213501.174523,1788213501.176965,2.441,2.037
1788213501.180223,1788213501.185688,5.465,5.053
1788213501.191031,1788213501.193581,2.550,2.192
1788213501.196692,1788213501.201604,4.912,4.743
1788213501.205713,1788213501.209323,3.610,3.258
1788213501.213358,1788213501.217376,4.018,4.094
1788213501.221379,1788213501.225389,4.010,3.664
1788213501.229597,1788213501.233660,4.062,3.928
1788213501.237673,1788213501.241841,4.168,3.928
1788213501.246849,1788213501.248861,2.012,2.703
1788213501.255414,1788213501.257434,2.020,1.904
1788213501.262442,1788213501.265458,3.016,2.898
1788213501.272257,1788213501.273259,1.002,1.055
1788213501.279809,1788213501.281815,2.006,1.832
1788213501.288629,1788213501.289659,1.030,0.966
1788213501.296768,1788213501.297767,0.999,0.842
1788213501.304788,1788213501.305790,1.002,0.875
1788213501.313334,1788213501.313334,0.000,0.212
1788213501.321343,1788213501.321343,0.000,0.238
1788213501.329457,1788213501.329975,0.518,0.108
1788213501.329975,1788213501.337149,7.174,7.257
1788213501.338140,1788213501.346185,8.046,7.646
1788213501.346185,1788213501.353194,7.009,7.570
1788213501.360209,1788213501.361717,1.508,1.142
1788213501.363729,1788213501.370269,6.540,6.130
1788213501.376487,1788213501.377501,1.014,0.492
1788213501.379509,1788213501.385576,6.067,6.293
1788213501.391158,1788213501.394213,3.054,2.008
1788213501.396218,1788213501.402214,5.996,5.681
1788213501.407238,1788213501.409770,2.532,1.942
1788213501.413765,1788213501.417802,4.037,4.131
1788213501.422781,1788213501.425832,3.051,2.671
1788213501.430363,1788213501.433867,3.504,3.658
1788213501.438969,1788213501.441975,3.006,3.053
1788213501.446975,1788213501.449482,2.507,2.999
1788213501.455502,1788213501.457505,2.003,2.458
1788213501.462510,1788213501.465502,2.992,3.466
1788213501.472066,1788213501.474068,2.002,1.940
1788213501.480090,1788213501.482080,1.990,1.861
1788213501.488628,1788213501.490158,1.530,1.153
1788213501.496305,1788213501.498306,2.001,1.837
1788213501.504514,1788213501.506460,1.946,1.548
1788213501.513165,1788213501.514180,1.015,0.899
1788213501.521466,1788213501.522450,0.984,0.333
1788213501.521466,1788213501.530357,8.891,8.349
1788213501.531358,1788213501.537625,6.268,6.158
1788213501.538645,1788213501.545664,7.019,7.564
1788213501.547661,1788213501.554152,6.491,6.652
1788213501.555148,1788213501.562148,7.000,7.092
1788213501.563422,1788213501.569981,6.559,6.548
1788213501.577514,1788213501.577514,0.000,0.304
1788213501.580092,1788213501.585777,5.685,6.051
1788213501.592312,1788213501.594417,2.105,1.097
1788213501.596871,1788213501.601908,5.037,5.503
1788213501.607967,1788213501.610677,2.709,2.112
1788213501.613750,1788213501.617774,4.025,4.659
1788213501.623964,1788213501.626531,2.567,2.489
1788213501.629561,1788213501.634211,4.650,4.868
1788213501.639248,1788213501.642026,2.778,2.686
1788213501.647065,1788213501.650629,3.564,3.293
1788213501.655643,1788213501.658167,2.525,2.789
1788213501.663201,1788213501.666203,3.002,3.304
1788213501.671859,1788213501.674879,3.020,2.473
1788213501.680006,1788213501.682004,1.999,2.345
1788213501.688057,1788213501.691062,3.005,2.546
1788213501.696183,1788213501.698179,1.995,2.316
1788213501.705103,1788213501.706103,1.001,1.243
1788213501.713648,1788213501.714772,1.124,0.982
1788213501.721671,1788213501.722686,1.015,0.882
1788213501.730213,1788213501.730213,0.000,0.430
1788213501.738538,1788213501.738538,0.000,0.111
1788213501.746566,1788213501.746566,0.000,0.113
1788213501.748082,1788213501.754097,6.016,6.069
1788213501.755109,1788213501.763125,8.016,7.635
1788213501.764131,1788213501.770663,6.533,6.245
1788213501.771671,1788213501.778665,6.994,7.101
1788213501.780779,1788213501.786827,6.049,6.045
1788213501.787825,1788213501.794849,7.024,7.002
1788213501.796656,1788213501.802660,6.004,6.241
1788213501.804670,1788213501.811216,6.546,6.172
1788213501.813215,1788213501.819228,6.013,5.733
1788213501.826247,1788213501.826247,0.000,0.214
1788213501.829771,1788213501.835281,5.510,5.173
1788213501.842295,1788213501.843293,0.998,0.513
1788213501.846823,1788213501.850365,3.541,4.099
1788213501.856916,1788213501.858916,2.000,1.418
1788213501.863245,1788213501.867267,4.022,3.714
1788213501.872500,1788213501.874661,2.161,1.749
1788213501.880187,1788213501.883193,3.006,2.853
1788213501.888751,1788213501.890757,2.006,2.244
1788213501.896757,1788213501.898746,1.989,2.225
1788213501.905282,1788213501.906811,1.529,1.861
1788213501.913842,1788213501.914839,0.997,1.200
1788213501.920856,1788213501.922844,1.988,2.282
1788213501.930414,1788213501.931415,1.000,0.733
1788213501.935275,1788213501.939399,4.125,3.425
1788213501.946442,1788213501.946442,0.000,0.668
1788213501.951249,1788213501.955284,4.034,3.937
1788213501.955284,1788213501.963403,8.119,7.861
1788213501.966408,1788213501.970842,4.434,4.188
1788213501.971843,1788213501.978956,7.113,7.476
1788213501.983493,1788213501.986971,3.478,3.251
1788213501.988586,1788213501.995685,7.099,6.654
1788213501.998636,1788213502.002649,4.014,4.808
1788213502.005667,1788213502.011257,5.590,5.630
1788213502.013269,1788213502.019268,5.999,5.606
1788213502.021334,1788213502.027277,5.944,6.109
1788213502.029805,1788213502.035334,5.529,5.591
1788213502.038355,1788213502.043433,5.079,5.011
1788213502.046420,1788213502.050897,4.477,5.005
1788213502.054919,1788213502.058912,3.992,4.503
1788213502.064114,1788213502.067160,3.045,3.312
1788213502.071177,1788213502.075195,4.018,4.242
1788213502.079209,1788213502.083217,4.008,4.349
1788213502.088760,1788213502.091848,3.088,2.691
1788213502.095862,1788213502.099889,4.027,3.692
1788213502.106885,1788213502.107881,0.996,0.260
1788213502.112945,1788213502.115968,3.022,2.671
1788213502.120967,1788213502.123959,2.992,2.610
1788213502.130217,1788213502.131448,1.230,1.355
1788213502.139205,1788213502.139890,0.684,0.570
1788213502.146589,1788213502.147600,1.012,1.095
1788213502.155146,1788213502.155146,0.000,0.673
1788213502.163179,1788213502.163179,0.000,0.566
1788213502.171732,1788213502.171732,0.000,0.109
1788213502.171732,1788213502.179945,8.212,8.129
1788213502.188564,1788213502.192297,3.732,3.612
1788213502.196901,1788213502.199897,2.996,3.292
1788213502.205913,1788213502.207911,1.998,2.353
1788213502.213484,1788213502.216483,2.999,2.763
1788213502.221491,1788213502.224488,2.997,2.799
1788213502.230489,1788213502.232002,1.514,1.796
1788213502.238581,1788213502.240595,2.015,1.737
1788213502.246596,1788213502.248598,2.001,1.698
1788213502.255143,1788213502.256155,1.013,0.986
1788213502.263176,1788213502.264189,1.013,1.165
1788213502.271776,1788213502.271776,0.000,0.616
1788213502.279781,1788213502.279781,0.000,0.522
1788213502.280790,1788213502.288692,7.902,7.755
1788213502.295236,1788213502.296250,1.014,0.526
1788213502.304242,1788213502.304242,0.000,0.180
1788213502.311790,1788213502.312808,1.018,0.331
1788213502.313826,1788213502.320368,6.542,6.605
1788213502.326383,1788213502.328384,2.001,1.535
1788213502.329383,1788213502.336422,7.039,7.100
1788213502.341969,1788213502.344865,2.897,1.750
1788213502.346889,1788213502.352898,6.009,5.561
1788213502.359068,1788213502.360088,1.020,1.472
1788213502.363098,1788213502.368115,5.017,5.327
1788213502.375278,1788213502.376306,1.027,1.522
1788213502.380304,1788213502.384819,4.515,4.307
1788213502.391086,1788213502.392179,1.093,1.683
1788213502.397095,1788213502.400088,2.992,3.468
1788213502.405244,1788213502.408207,2.964,2.820
1788213502.413820,1788213502.416944,3.124,2.835
1788213502.420882,1788213502.424585,3.702,3.306
1788213502.431176,1788213502.432300,1.123,1.544
1788213502.439048,1788213502.441049,2.001,1.712
1788213502.446185,1788213502.449171,2.986,2.596
1788213502.455078,1788213502.457079,2.001,1.641
1788213502.463096,1788213502.465104,2.008,1.679
1788213502.471227,1788213502.473240,2.013,1.530
1788213502.480062,1788213502.480062,0.000,0.490
1788213502.483671,1788213502.489001,5.330,5.061
1788213502.496879,1788213502.496879,0.000,0.026
1788213502.498880,1788213502.504923,6.043,5.405
1788213502.504923,1788213502.512444,7.520,7.785
1788213502.514441,1788213502.520961,6.520,6.118
1788213502.521985,1788213502.528974,6.989,6.786
1788213502.530495,1788213502.537341,6.847,6.247
1788213502.538612,1788213502.545254,6.643,6.470
1788213502.547024,1788213502.552955,5.931,6.143
1788213502.555287,1788213502.561447,6.160,5.826
1788213502.563903,1788213502.569015,5.112,5.156
1788213502.571545,1788213502.576548,5.003,5.599
1788213502.579550,1788213502.584543,4.993,5.666
1788213502.587605,1788213502.593143,5.538,5.332
1788213502.597412,1788213502.601436,4.024,3.775
1788213502.608642,1788213502.608642,0.000,0.029
1788213502.614198,1788213502.617213,3.015,2.991
1788213502.624210,1788213502.625233,1.023,1.151
1788213502.629803,1788213502.633439,3.636,3.476
1788213502.639574,1788213502.640636,1.062,1.649
1788213502.646593,1788213502.649612,3.019,2.663
1788213502.655608,1788213502.657614,2.005,1.618
1788213502.663299,1788213502.664874,1.575,1.979
1788213502.671409,1788213502.672412,1.004,1.931
1788213502.680212,1788213502.681209,0.997,0.987
1788213502.688236,1788213502.689257,1.022,1.137
1788213502.696342,1788213502.697398,1.056,0.594
1788213502.704447,1788213502.705463,1.016,0.917
1788213502.704447,1788213502.713428,8.981,8.945
1788213502.717448,1788213502.721166,3.717,3.478
1788213502.722189,1788213502.729753,7.564,7.323
1788213502.732753,1788213502.736767,4.014,4.041
1788213502.738291,1788213502.745437,7.146,7.154
1788213502.748849,1788213502.753858,5.009,4.093
1788213502.754856,1788213502.761877,7.021,6.633
1788213502.764895,1788213502.769917,5.022,4.159
1788213502.770917,1788213502.777638,6.721,6.658
1788213502.780643,1788213502.785658,5.015,4.427
1788213502.787801,1788213502.793805,6.004,5.794
1788213502.795827,1788213502.801834,6.006,5.324
1788213502.804837,1788213502.809390,4.553,4.827
1788213502.813407,1788213502.817398,3.991,4.222
1788213502.821412,1788213502.825415,4.003,4.225
1788213502.830136,1788213502.833144,3.008,3.645
1788213502.838696,1788213502.841748,3.052,2.958
1788213502.847575,1788213502.850116,2.541,2.344
1788213502.855160,1788213502.857919,2.759,2.761
1788213502.863964,1788213502.865963,1.999,2.098
1788213502.872976,1788213502.874438,1.462,0.612
1788213502.880649,1788213502.881649,1.000,1.623
1788213502.889243,1788213502.889243,0.000,0.961
1788213502.896859,1788213502.897859,1.000,1.424
1788213502.904881,1788213502.906408,1.526,1.359
1788213502.913465,1788213502.914464,0.999,0.680
1788213502.921502,1788213502.922503,1.001,0.778
1788213502.930076,1788213502.930076,0.000,0.191
1788213502.938102,1788213502.938102,0.000,0.247
1788213502.938102,1788213502.946667,8.564,8.269
1788213502.951193,1788213502.954375,3.182,2.853
1788213502.955374,1788213502.961913,6.539,7.000
1788213502.965942,1788213502.970184,4.242,3.986
1788213502.971185,1788213502.978224,7.039,7.305
1788213502.981225,1788213502.986756,5.531,4.900
1788213502.988349,1788213502.994894,6.545,6.208
1788213502.996888,1788213503.002912,6.024,5.243
1788213503.004912,1788213503.010720,5.808,5.729
1788213503.013858,1788213503.018892,5.033,4.746
1788213503.020958,1788213503.026973,6.015,5.754
1788213503.030432,1788213503.034450,4.018,4.183
1788213503.037468,1788213503.042152,4.684,5.278
1788213503.047431,1788213503.050451,3.020,3.281
1788213503.054561,1788213503.058478,3.917,4.156
1788213503.063018,1788213503.066285,3.268,3.702
1788213503.074637,1788213503.074637,0.000,0.278
1788213503.080766,1788213503.082773,2.007,2.054
1788213503.089459,1788213503.090655,1.196,0.755
1788213503.097677,1788213503.098698,1.021,1.232
1788213503.104761,1788213503.106726,1.965,1.675
1788213503.113277,1788213503.115293,2.015,1.563
1788213503.121332,1788213503.122335,1.003,1.667
1788213503.129928,1788213503.130910,0.982,1.133
1788213503.138324,1788213503.138324,0.000,0.714
1788213503.146904,1788213503.146904,0.000,0.122
1788213503.152480,1788213503.154484,2.004,2.513
1788213503.155502,1788213503.162510,7.008,7.603
1788213503.166497,1788213503.171058,4.562,3.759
1788213503.172050,1788213503.179065,7.015,7.068
1788213503.183607,1788213503.186611,3.004,3.343
1788213503.188272,1788213503.195389,7.117,6.826
1788213503.198369,1788213503.203137,4.768,4.634
1788213503.205150,1788213503.211203,6.053,6.000
1788213503.213228,1788213503.219237,6.009,5.208
1788213503.221240,1788213503.227297,6.057,5.607
1788213503.229244,1788213503.235516,6.272,5.435
1788213503.238932,1788213503.243471,4.539,4.211
1788213503.245988,1788213503.251008,5.020,5.246
1788213503.255081,1788213503.259021,3.940,4.181
1788213503.264045,1788213503.267570,3.525,3.224
1788213503.271093,1788213503.275236,4.143,4.137
1788213503.280120,1788213503.283139,3.019,3.226
1788213503.290728,1788213503.291443,0.715,0.336
1788213503.297391,1788213503.299390,1.999,1.830
1788213503.305954,1788213503.306949,0.995,0.557
1788213503.313498,1788213503.315515,2.017,1.806
1788213503.321531,1788213503.323547,2.017,1.193
1788213503.329544,1788213503.331557,2.013,1.657
1788213503.338588,1788213503.339601,1.013,0.636
1788213503.345661,1788213503.347660,1.999,1.539
1788213503.355204,1788213503.355204,0.000,0.144
1788213503.363248,1788213503.363248,0.000,0.061
1788213503.370280,1788213503.371807,1.527,1.310
1788213503.371807,1788213503.379352,7.545,7.515
1788213503.384889,1788213503.387890,3.001,2.573
1788213503.388889,1788213503.396149,7.260,6.820
1788213503.400150,1788213503.404163,4.013,3.091
1788213503.404163,1788213503.411733,7.571,7.403
1788213503.415743,1788213503.419251,3.509,3.742
1788213503.422273,1788213503.428288,6.016,5.426
1788213503.431811,1788213503.436107,4.297,3.538
1788213503.439122,1788213503.444156,5.034,4.552
1788213503.447171,1788213503.452194,5.023,4.397
1788213503.454189,1788213503.460204,6.015,5.593
1788213503.463712,1788213503.467790,4.078,4.367
1788213503.471796,1788213503.476309,4.513,4.269
1788213503.480321,1788213503.484340,4.019,3.854
1788213503.488881,1788213503.492409,3.528,3.205
1788213503.495917,1788213503.499944,4.027,4.042
1788213503.504964,1788213503.508494,3.530,3.081
1788213503.513498,1788213503.516016,2.519,2.794
1788213503.522071,1788213503.524079,2.008,2.300
1788213503.530630,1788213503.532639,2.009,1.796
1788213503.538632,1788213503.540623,1.991,1.723
1788213503.546676,1788213503.548688,2.012,1.634
1788213503.555235,1788213503.556236,1.000,1.162
1788213503.563822,1788213503.563822,0.000,0.475
1788213503.571393,1788213503.572392,0.998,1.005
1788213503.579432,1788213503.580451,1.019,0.961
1788213503.588020,1788213503.588020,0.000,0.203
1788213503.596115,1788213503.596115,0.000,0.316
1788213503.603359,1788213503.604893,1.534,0.817
1788213503.604893,1788213503.612422,7.529,7.722
1788213503.619967,1788213503.619967,0.000,0.178
1788213503.622007,1788213503.628560,6.552,6.622
1788213503.635581,1788213503.636256,0.675,0.704
1788213503.638289,1788213503.644828,6.539,6.373
1788213503.650872,1788213503.652862,1.990,1.411
1788213503.654878,1788213503.660411,5.533,5.762
1788213503.666443,1788213503.668178,1.735,1.888
1788213503.671696,1788213503.676721,5.025,4.989
1788213503.682262,1788213503.684259,1.997,2.244
1788213503.687795,1788213503.692331,4.535,4.835
1788213503.697433,1788213503.700476,3.043,3.034
1788213503.704518,1788213503.708532,4.015,4.278
1788213503.713624,1788213503.716552,2.928,2.585
1788213503.722183,1788213503.725199,3.016,2.519
1788213503.729221,1788213503.733223,4.003,2.828
1788213503.738235,1788213503.740759,2.524,2.561
1788213503.746271,1788213503.748307,2.036,2.598
1788213503.754308,1788213503.756321,2.013,2.553
1788213503.763325,1788213503.765320,1.995,1.618
1788213503.771342,1788213503.772352,1.010,1.585
1788213503.780005,1788213503.781025,1.020,0.811
1788213503.788018,1788213503.788018,0.000,0.959
1788213503.796628,1788213503.796628,0.000,0.292
1788213503.804655,1788213503.804655,0.000,0.316
1788213503.812797,1788213503.812797,0.000,0.262
1788213503.812797,1788213503.820797,8.000,8.281
1788213503.822758,1788213503.828724,5.965,6.259
1788213503.830742,1788213503.837272,6.529,6.366
1788213503.838291,1788213503.844580,6.290,6.890
1788213503.851600,1788213503.852602,1.002,1.205
1788213503.854624,1788213503.861148,6.524,6.506
1788213503.866675,1788213503.868674,2.000,1.985
1788213503.871687,1788213503.876685,4.997,5.515
1788213503.882228,1788213503.885243,3.015,2.543
1788213503.888243,1788213503.893364,5.121,4.930
1788213503.897902,1788213503.900955,3.054,2.884
1788213503.904945,1788213503.908962,4.017,4.357
1788213503.913983,1788213503.916975,2.993,2.781
1788213503.921514,1788213503.925529,4.015,3.809
1788213503.930075,1788213503.933080,3.005,2.488
1788213503.938391,1788213503.941385,2.994,2.924
1788213503.947125,1788213503.949142,2.017,2.257
1788213503.955172,1788213503.957683,2.511,2.159
1788213503.963723,1788213503.965723,1.999,1.706
1788213503.971750,1788213503.973755,2.006,1.585
1788213503.980274,1788213503.981278,1.004,1.043
1788213503.988311,1788213503.989825,1.514,1.171
1788213503.997002,1788213503.997002,0.000,0.534
1788213504.005547,1788213504.005547,0.000,0.048
1788213504.013544,1788213504.013544,0.000,0.043
1788213504.013544,1788213504.021085,7.542,8.063
1788213504.023090,1788213504.029090,6.000,6.140
1788213504.030088,1788213504.037098,7.010,7.604
1788213504.039109,1788213504.045608,6.498,6.128
1788213504.046262,1788213504.053695,7.434,7.476
1788213504.054289,1788213504.061405,7.116,6.736
1788213504.063408,1788213504.069963,6.554,6.385
1788213504.071974,1788213504.078103,6.129,5.868
1788213504.080494,1788213504.085523,5.028,5.326
1788213504.087899,1788213504.093449,5.549,5.884
1788213504.100971,1788213504.101970,0.999,0.483
1788213504.104983,1788213504.109995,5.013,4.919
1788213504.117021,1788213504.118017,0.996,0.206
1788213504.121547,1788213504.125570,4.023,4.386
1788213504.132609,1788213504.133603,0.993,0.705
1788213504.137619,1788213504.142160,4.541,4.378
1788213504.148687,1788213504.150085,1.398,0.815
1788213504.155101,1788213504.158113,3.012,2.838
1788213504.164143,1788213504.165370,1.227,1.484
1788213504.171397,1788213504.174398,3.001,2.680
1788213504.179503,1788213504.181947,2.443,2.193
1788213504.188499,1788213504.190012,1.513,1.436
1788213504.196512,1788213504.198328,1.816,1.609
1788213504.204652,1788213504.205710,1.058,1.224
1788213504.213222,1788213504.214220,0.998,0.983
1788213504.213222,1788213504.222372,9.150,9.000
1788213504.229419,1788213504.230413,0.993,0.706
1788213504.229419,1788213504.238474,9.054,8.728
1788213504.240995,1788213504.246559,5.564,4.723
1788213504.246559,1788213504.254579,8.019,7.680
1788213504.256597,1788213504.262239,5.642,5.285
1788213504.263248,1788213504.270276,7.028,7.019
1788213504.271806,1788213504.277819,6.013,5.935
1788213504.280652,1788213504.286564,5.912,5.674
1788213504.288572,1788213504.294127,5.554,5.783
1788213504.297143,1788213504.301889,4.746,5.192
1788213504.305895,1788213504.310400,4.506,4.487
1788213504.313428,1788213504.318458,5.030,4.942
1788213504.321992,1788213504.326004,4.011,4.469
1788213504.333222,1788213504.334321,1.099,0.821
1788213504.338450,1788213504.342105,3.654,3.920
1788213504.348816,1788213504.349810,0.994,0.892
1788213504.354837,1788213504.358827,3.990,3.563
1788213504.364368,1788213504.366448,2.080,1.407
1788213504.371379,1788213504.374484,3.105,3.085
1788213504.380956,1788213504.381974,1.018,1.064
1788213504.388732,1788213504.390335,1.603,1.731
1788213504.396872,1788213504.398152,1.280,1.032
1788213504.405190,1788213504.406190,0.999,1.290
1788213504.413257,1788213504.414248,0.991,1.402
1788213504.421778,1788213504.422729,0.951,0.765
1788213504.430284,1788213504.430284,0.000,0.186
1788213504.430284,1788213504.438750,8.466,8.201
1788213504.443293,1788213504.446804,3.511,2.771
1788213504.446804,1788213504.454857,8.053,7.788
1788213504.458874,1788213504.462417,3.543,2.710
1788213504.463437,1788213504.470454,7.017,7.267
1788213504.474967,1788213504.478999,4.033,3.500
1788213504.480511,1788213504.486536,6.024,6.193
1788213504.491053,1788213504.494286,3.232,3.537
1788213504.497303,1788213504.502849,5.547,5.289
1788213504.505865,1788213504.511132,5.268,4.449
1788213504.513149,1788213504.519163,6.013,5.608
1788213504.521693,1788213504.527237,5.543,5.179
1788213504.529246,1788213504.534352,5.106,5.258
1788213504.538433,1788213504.542503,4.070,4.511
1788213504.547201,1788213504.550739,3.537,3.685
1788213504.554755,1788213504.558769,4.014,4.229
1788213504.563307,1788213504.566316,3.009,3.654
1788213504.571656,1788213504.575172,3.516,3.385
1788213504.580054,1788213504.582577,2.523,3.000
1788213504.588600,1788213504.591105,2.506,2.485
1788213504.597634,1788213504.598979,1.345,1.103
1788213504.605623,1788213504.606534,0.911,1.373
1788213504.613556,1788213504.614902,1.346,0.998
1788213504.622334,1788213504.623334,1.000,0.795
1788213504.629376,1788213504.631443,2.067,1.708
1788213504.638406,1788213504.639480,1.074,0.360
1788213504.644147,1788213504.646284,2.137,2.569
1788213504.647909,1788213504.654458,6.549,7.268
1788213504.662697,1788213504.662697,0.000,0.550
1788213504.662697,1788213504.671160,8.464,8.566
1788213504.676470,1788213504.678485,2.015,2.911
1788213504.681014,1788213504.687387,6.373,6.275
1788213504.690915,1788213504.695356,4.441,3.588
1788213504.697353,1788213504.702874,5.521,5.728
1788213504.707379,1788213504.710404,3.025,3.252
1788213504.713349,1788213504.718810,5.461,6.021
1788213504.723961,1788213504.726972,3.011,3.527
1788213504.729962,1788213504.735502,5.540,5.325
1788213504.738506,1788213504.743183,4.678,4.317
1788213504.747763,1788213504.751792,4.030,3.663
1788213504.754798,1788213504.759822,5.024,4.654
1788213504.763357,1788213504.767628,4.270,4.086
1788213504.771759,1788213504.775755,3.996,3.712
1788213504.780262,1788213504.783758,3.497,3.231
1788213504.788422,1788213504.791774,3.352,3.059
1788213504.796442,1788213504.799922,3.481,3.080
1788213504.804473,1788213504.807465,2.993,3.070
1788213504.812486,1788213504.815475,2.989,3.115
1788213504.822481,1788213504.823007,0.526,1.116
1788213504.831015,1788213504.831015,0.000,0.028
1788213504.838136,1788213504.839125,0.989,1.446
1788213504.838136,1788213504.847747,9.611,9.470
1788213504.855104,1788213504.855104,0.000,0.470
1788213504.855104,1788213504.863714,8.610,8.486
1788213504.864712,1788213504.871504,6.793,7.013
1788213504.879084,1788213504.879084,0.000,0.025
1788213504.880134,1788213504.887320,7.186,7.667
1788213504.894856,1788213504.895871,1.015,0.107
1788213504.896875,1788213504.904053,7.178,6.883
1788213504.910107,1788213504.911047,0.940,1.159
1788213504.913186,1788213504.920181,6.995,6.610
1788213504.926809,1788213504.927819,1.010,0.654
1788213504.929837,1788213504.935898,6.061,5.954
1788213504.940902,1788213504.943262,2.360,2.367
1788213504.946284,1788213504.951948,5.664,5.596
1788213504.956052,1788213504.959397,3.345,3.583
1788213504.963415,1788213504.968026,4.611,4.513
1788213504.972970,1788213504.976070,3.099,3.078
1788213504.980083,1788213504.983725,3.642,3.895
1788213504.988740,1788213504.992270,3.530,3.348
1788213504.997271,1788213504.999889,2.618,2.717
1788213505.005101,1788213505.008114,3.013,3.000
1788213505.013122,1788213505.016140,3.018,2.924
1788213505.021154,1788213505.023693,2.539,3.002
1788213505.030708,1788213505.031708,1.000,1.350
1788213505.037742,1788213505.039887,2.146,2.285
1788213505.047396,1788213505.048275,0.879,0.564
1788213505.055358,1788213505.056314,0.956,0.672
1788213505.063853,1788213505.063853,0.000,0.279
1788213505.071771,1788213505.071771,0.000,0.321
1788213505.071771,1788213505.079500,7.729,8.341
1788213505.088180,1788213505.088180,0.000,0.048
1788213505.088180,1788213505.095743,7.564,8.070
1788213505.097745,1788213505.104289,6.544,6.085
1788213505.105311,1788213505.112355,7.045,6.965
1788213505.113356,1788213505.120389,7.032,6.364
1788213505.121381,1788213505.128380,6.999,6.929
1788213505.130368,1788213505.135924,5.555,5.986
1788213505.138922,1788213505.144496,5.574,5.448
1788213505.146496,1788213505.152016,5.520,5.876
1788213505.160035,1788213505.160035,0.000,0.078
1788213505.163187,1788213505.167831,4.643,5.207
1788213505.175716,1788213505.175716,0.000,0.606
1788213505.180715,1788213505.183834,3.119,3.549
1788213505.190561,1788213505.192078,1.517,1.499
1788213505.196923,1788213505.200478,3.556,3.547
1788213505.206705,1788213505.208530,1.825,1.598
1788213505.213738,1788213505.216766,3.028,2.779
1788213505.222473,1788213505.225085,2.612,2.439
1788213505.230623,1788213505.232721,2.098,2.102
1788213505.238493,1788213505.241162,2.669,2.458
1788213505.247080,1788213505.248208,1.128,1.729
1788213505.254601,1788213505.257234,2.634,2.366
1788213505.263263,1788213505.265275,2.012,1.688
1788213505.271625,1788213505.272409,0.784,1.373
1788213505.280528,1788213505.280528,0.000,0.473
1788213505.287942,1788213505.288942,1.000,1.072
1788213505.296497,1788213505.296497,0.000,0.558
1788213505.304545,1788213505.304545,0.000,0.459
1788213505.304545,1788213505.313105,8.560,8.473
1788213505.321114,1788213505.321114,0.000,0.027
1788213505.321114,1788213505.329144,8.030,8.039
1788213505.330324,1788213505.337415,7.090,6.787
1788213505.338439,1788213505.344968,6.529,6.470
1788213505.346968,1788213505.353521,6.553,6.238
1788213505.355056,1788213505.361054,5.998,6.053
1788213505.363075,1788213505.369052,5.978,6.085
1788213505.372061,1788213505.377052,4.991,5.191
1788213505.380068,1788213505.385591,5.523,5.192
1788213505.393104,1788213505.393104,0.000,0.035
1788213505.397140,1788213505.401134,3.995,4.235
1788213505.407748,1788213505.408770,1.023,1.120
1788213505.412775,1788213505.417316,4.541,4.705
1788213505.423849,1788213505.424869,1.020,1.365
1788213505.429890,1788213505.433395,3.505,3.539
1788213505.438617,1788213505.441243,2.626,2.281
1788213505.447347,1788213505.449371,2.025,2.125
1788213505.455104,1788213505.457101,1.997,2.460
1788213505.463907,1788213505.465910,2.004,1.603
1788213505.471902,1788213505.473890,1.988,1.592
1788213505.479906,1788213505.481477,1.571,1.581
1788213505.488514,1788213505.489516,1.002,0.943
1788213505.497062,1788213505.497062,0.000,0.394
1788213505.501082,1788213505.505626,4.545,3.964
1788213505.512691,1788213505.513649,0.958,0.810
1788213505.518663,1788213505.520756,2.094,2.727
1788213505.522269,1788213505.529873,7.603,7.327
1788213505.531974,1788213505.537901,5.927,5.269
1788213505.537901,1788213505.545579,7.679,7.860
1788213505.547522,1788213505.553063,5.542,6.033
1788213505.555140,1788213505.562083,6.944,6.614
1788213505.563141,1788213505.570125,6.984,6.674
1788213505.572123,1788213505.577682,5.559,5.716
1788213505.580677,1788213505.585296,4.619,5.163
1788213505.592360,1788213505.593812,1.453,0.985
1788213505.596938,1788213505.601357,4.419,4.867
1788213505.607923,1788213505.609984,2.062,1.273
1788213505.613047,1788213505.618008,4.961,4.806
1788213505.623640,1788213505.626180,2.540,1.907
1788213505.629712,1788213505.633708,3.996,3.961
1788213505.639585,1788213505.642060,2.475,1.591
1788213505.647213,1788213505.650081,2.868,2.722
1788213505.655091,1788213505.657619,2.527,2.857
1788213505.663951,1788213505.665950,2.000,2.037
1788213505.670958,1788213505.674021,3.063,3.063
1788213505.680804,1788213505.681812,1.008,1.103
1788213505.688319,1788213505.690242,1.923,1.697
1788213505.696777,1788213505.697762,0.986,1.237
1788213505.705313,1788213505.706398,1.085,0.691
1788213505.713381,1788213505.714440,1.059,0.588
1788213505.721982,1788213505.721982,0.000,0.138
1788213505.730000,1788213505.730000,0.000,0.112
1788213505.738033,1788213505.738033,0.000,0.039
1788213505.738033,1788213505.745685,7.652,8.055
1788213505.746691,1788213505.754113,7.422,6.956
1788213505.755111,1788213505.762645,7.535,7.170
1788213505.763654,1788213505.770657,7.003,6.720
1788213505.772187,1788213505.778206,6.018,6.170
1788213505.779197,1788213505.785743,6.546,7.168
1788213505.788758,1788213505.794288,5.531,5.592
1788213505.797443,1788213505.802458,5.015,4.949
1788213505.809519,1788213505.810518,0.999,0.557
1788213505.813520,1788213505.818535,5.015,4.850
1788213505.825082,1788213505.826076,0.994,0.604
1788213505.830095,1788213505.834111,4.017,4.287
1788213505.841124,1788213505.842364,1.239,0.751
1788213505.846411,1788213505.850425,4.015,3.979
1788213505.855949,1788213505.857950,2.001,1.914
1788213505.862974,1788213505.865981,3.007,3.607
1788213505.871992,1788213505.873992,2.000,1.974
1788213505.880079,1788213505.882600,2.521,2.481
1788213505.888623,1788213505.890639,2.016,2.010
1788213505.896695,1788213505.898689,1.994,1.936
1788213505.905549,1788213505.906545,0.996,1.153
1788213505.912557,1788213505.914560,2.003,2.105
1788213505.921570,1788213505.922570,0.999,1.095
1788213505.930141,1788213505.930141,0.000,0.556
1788213505.935698,1788213505.938712,3.013,2.966
1788213505.938712,1788213505.946273,7.561,7.906
1788213505.950282,1788213505.954822,4.540,3.848
1788213505.954822,1788213505.961846,7.024,7.788
1788213505.966384,1788213505.970389,4.004,4.179
1788213505.971396,1788213505.978408,7.011,7.448
1788213505.981409,1788213505.986917,5.508,4.259
1788213505.987919,1788213505.994431,6.513,7.004
1788213505.997449,1788213506.002299,4.850,4.954
1788213506.004839,1788213506.010883,6.043,6.106
1788213506.012882,1788213506.018892,6.010,5.338
1788213506.021879,1788213506.026433,4.555,5.006
1788213506.030441,1788213506.034429,3.988,4.578
1788213506.039443,1788213506.042443,2.999,3.524
1788213506.046963,1788213506.050979,4.015,4.092
1788213506.055503,1788213506.058506,3.003,3.530
1788213506.062524,1788213506.067082,4.558,4.602
1788213506.074311,1788213506.074311,0.000,0.385
1788213506.079483,1788213506.082502,3.019,3.619
1788213506.089526,1788213506.090515,0.989,1.152
1788213506.096597,1788213506.098617,2.020,2.489
1788213506.105178,1788213506.107171,1.993,1.313
1788213506.113349,1788213506.115362,2.013,1.799
1788213506.121381,1788213506.123400,2.020,1.797
1788213506.129947,1788213506.130962,1.015,1.180
1788213506.137978,1788213506.138988,1.010,1.311
1788213506.146552,1788213506.147548,0.996,0.681
1788213506.154641,1788213506.154641,0.000,0.678
1788213506.162668,1788213506.162668,0.000,0.426
1788213506.166221,1788213506.170686,4.465,4.406
1788213506.171681,1788213506.179208,7.528,7.652
1788213506.182229,1788213506.186749,4.520,4.496
1788213506.188779,1788213506.195338,6.559,6.452
1788213506.198865,1788213506.203468,4.602,4.566
1788213506.205209,1788213506.211356,6.147,6.201
1788213506.213394,1788213506.219639,6.245,5.452
1788213506.221634,1788213506.227163,5.528,5.616
1788213506.230466,1788213506.235518,5.052,4.698
1788213506.238047,1788213506.243039,4.992,5.340
1788213506.246590,1788213506.251668,5.078,4.843
1788213506.255341,1788213506.259279,3.938,4.176
1788213506.264293,1788213506.267844,3.551,3.224
1788213506.271420,1788213506.275556,4.136,4.101
1788213506.279459,1788213506.283006,3.547,4.025
1788213506.287587,1788213506.291104,3.517,3.930
1788213506.296664,1788213506.299667,3.003,2.911
1788213506.307705,1788213506.307705,0.000,0.052
1788213506.312841,1788213506.315737,2.896,2.764
1788213506.322996,1788213506.322996,0.000,0.348
1788213506.330073,1788213506.331084,1.012,1.512
1788213506.338564,1788213506.339681,1.117,1.075
1788213506.347240,1788213506.347240,0.000,0.477
1788213506.354295,1788213506.355447,1.152,1.464
1788213506.363319,1788213506.363837,0.519,0.395
1788213506.368970,1788213506.371877,2.907,2.515
1788213506.371877,1788213506.380011,8.134,7.876
1788213506.385011,1788213506.388051,3.040,2.270
1788213506.388051,1788213506.395595,7.544,7.730
1788213506.400615,1788213506.403173,2.559,2.392
1788213506.405195,1788213506.411772,6.577,6.658
1788213506.416794,1788213506.419787,2.993,3.077
1788213506.421804,1788213506.427360,5.555,5.965
1788213506.431880,1788213506.436124,4.244,4.057
1788213506.438502,1788213506.443776,5.274,5.361
1788213506.446781,1788213506.451895,5.114,4.497
1788213506.455445,1788213506.459418,3.973,4.500
1788213506.464402,1788213506.467409,3.007,3.522
1788213506.471425,1788213506.475441,4.017,4.480
1788213506.479790,1788213506.484314,4.524,4.215
1788213506.488331,1788213506.492335,4.003,3.404
1788213506.496871,1788213506.499888,3.017,3.192
1788213506.505442,1788213506.507429,1.987,2.541
1788213506.512968,1788213506.515993,3.025,3.084
1788213506.520990,1788213506.523518,2.528,3.108
1788213506.530536,1788213506.531537,1.000,1.536
1788213506.537557,1788213506.540094,2.537,2.497
1788213506.547125,1788213506.548125,1.000,0.901
1788213506.554193,1788213506.556190,1.997,1.982
1788213506.563734,1788213506.563734,0.000,0.306
1788213506.570740,1788213506.571731,0.992,1.433
1788213506.579863,1788213506.579863,0.000,0.132
1788213506.587981,1788213506.587981,0.000,0.236
1788213506.587981,1788213506.596204,8.222,8.277
1788213506.602116,1788213506.604134,2.018,1.258
1788213506.605132,1788213506.612462,7.329,7.122
1788213506.617377,1788213506.619910,2.532,2.228
1788213506.621860,1788213506.628052,6.191,6.389
1788213506.633933,1788213506.636029,2.096,2.187
1788213506.639014,1788213506.644556,5.541,5.209
1788213506.648555,1788213506.651816,3.261,3.288
1788213506.654906,1788213506.660505,5.599,5.443
1788213506.665516,1788213506.668524,3.009,2.814
1788213506.672544,1788213506.676563,4.019,3.774
1788213506.680138,1788213506.684376,4.238,3.601
1788213506.688375,1788213506.692397,4.022,4.060
1788213506.696481,1788213506.700472,3.991,3.896
1788213506.705122,1788213506.708104,2.981,3.240
1788213506.713355,1788213506.716478,3.123,2.468
1788213506.722099,1788213506.724097,1.998,2.284
1788213506.729342,1788213506.732384,3.042,3.110
1788213506.738397,1788213506.740404,2.007,1.997
1788213506.747455,1788213506.748435,0.981,0.961
1788213506.755043,1788213506.756118,1.075,1.510
1788213506.763712,1788213506.764721,1.009,0.771
1788213506.771756,1788213506.772761,1.005,0.725
1788213506.779770,1788213506.780284,0.514,0.767
1788213506.787899,1788213506.788632,0.734,0.146
1788213506.796369,1788213506.796369,0.000,0.166
1788213506.804109,1788213506.804109,0.000,0.325
1788213506.805200,1788213506.812255,7.056,7.510
1788213506.819270,1788213506.820285,1.015,0.828
1788213506.822290,1788213506.828295,6.006,6.356
1788213506.835412,1788213506.836590,1.178,0.917
1788213506.837705,1788213506.845123,7.418,7.014
1788213506.850083,1788213506.853022,2.939,1.818
1788213506.855765,1788213506.860265,4.500,4.979
1788213506.865394,1788213506.868433,3.039,2.850
1788213506.871567,1788213506.876573,5.006,5.277
1788213506.881190,1788213506.885223,4.034,3.017
1788213506.888237,1788213506.892969,4.732,4.614
1788213506.897126,1788213506.900811,3.685,3.117
1788213506.904817,1788213506.908923,4.105,4.141
1788213506.912819,1788213506.916682,3.863,3.336
1788213506.922032,1788213506.924563,2.532,2.823
1788213506.930081,1788213506.933099,3.018,2.882
1788213506.938629,1788213506.940645,2.015,2.244
1788213506.947400,1788213506.948853,1.453,1.679
1788213506.954875,1788213506.956397,1.522,2.132
1788213506.963028,1788213506.965028,2.000,2.071
1788213506.971060,1788213506.973062,2.002,2.020
1788213506.980640,1788213506.981432,0.792,0.391
1788213506.988267,1788213506.989008,0.740,0.813
1788213506.996843,1788213506.996843,0.000,0.312
1788213506.996843,1788213507.005396,8.553,8.341
1788213507.007954,1788213507.013179,5.225,5.333
1788213507.013736,1788213507.020855,7.120,7.490
1788213507.022879,1788213507.028758,5.879,5.843
1788213507.030771,1788213507.036785,6.014,6.515
1788213507.039331,1788213507.044636,5.305,5.954
1788213507.046639,1788213507.053640,7.001,6.610
1788213507.055157,1788213507.061232,6.075,6.071
1788213507.063256,1788213507.069271,6.016,6.111
1788213507.071720,1788213507.077308,5.587,5.632
1788213507.079854,1788213507.084850,4.996,5.555
1788213507.087869,1788213507.092887,5.017,5.478
1788213507.099981,1788213507.101488,1.507,0.973
1788213507.104513,1788213507.109531,5.018,4.840
1788213507.115059,1788213507.117135,2.076,2.003
1788213507.121392,1788213507.125426,4.033,3.968
1788213507.130439,1788213507.133438,3.000,2.568
1788213507.138996,1788213507.140995,1.999,2.456
1788213507.146996,1788213507.149015,2.020,2.591
1788213507.155568,1788213507.157585,2.017,1.899
1788213507.162592,1788213507.165607,3.015,3.024
1788213507.171619,1788213507.173636,2.018,1.919
1788213507.179757,1788213507.181748,1.991,1.882
1788213507.188574,1788213507.189538,0.965,0.960
1788213507.193455,1788213507.197694,4.238,3.259
1788213507.205095,1788213507.205672,0.577,0.581
1788213507.213358,1788213507.213358,0.000,0.324
1788213507.213358,1788213507.221045,7.687,8.342
1788213507.225055,1788213507.229176,4.121,4.568
1788213507.230210,1788213507.237939,7.729,7.451
1788213507.239979,1788213507.245370,5.391,5.307
1788213507.246367,1788213507.253453,7.086,7.187
1788213507.255990,1788213507.261381,5.391,5.075
1788213507.264404,1788213507.269428,5.023,5.393
1788213507.271426,1788213507.277947,6.521,5.835
1788213507.280006,1788213507.286062,6.056,5.769
1788213507.289084,1788213507.292969,3.885,4.660
1788213507.296559,1788213507.301703,5.145,5.251
1788213507.304761,1788213507.309786,5.024,5.129
1788213507.313317,1788213507.318187,4.871,4.465
1788213507.321323,1788213507.326342,5.019,4.672
1788213507.329342,1788213507.333852,4.509,4.639
1788213507.339066,1788213507.342128,3.062,2.702
1788213507.347025,1788213507.349584,2.559,3.010
1788213507.356109,1788213507.358136,2.027,1.771
1788213507.365139,1788213507.366151,1.011,0.261
1788213507.372177,1788213507.374198,2.022,1.919
1788213507.380740,1788213507.381735,0.995,0.747
1788213507.388319,1788213507.390328,2.009,1.813
1788213507.397853,1788213507.397853,0.000,0.477
1788213507.405387,1788213507.406387,1.000,0.712
1788213507.413835,1788213507.413835,0.000,0.262
1788213507.420987,1788213507.421988,1.001,1.184
1788213507.429999,1788213507.429999,0.000,0.246
1788213507.429999,1788213507.437772,7.773,8.263
1788213507.443352,1788213507.446350,2.999,2.445
1788213507.447458,1788213507.454353,6.895,6.801
1788213507.459885,1788213507.462378,2.493,2.478
1788213507.463377,1788213507.470398,7.021,6.875
1788213507.474407,1788213507.477989,3.582,3.087
1788213507.480093,1788213507.485985,5.892,6.199
1788213507.489985,1788213507.494001,4.015,3.737
1788213507.496061,1788213507.502595,6.535,6.231
1788213507.506597,1788213507.510592,3.995,3.416
1788213507.513604,1788213507.518360,4.756,4.790
1788213507.522419,1788213507.526443,4.025,4.092
1788213507.529458,1788213507.534458,5.000,4.976
1788213507.539090,1788213507.542592,3.502,3.254
1788213507.546602,1788213507.550618,4.015,3.875
1788213507.555598,1788213507.558686,3.088,2.874
1788213507.562642,1788213507.566643,4.001,3.875
1788213507.572201,1788213507.574204,2.003,2.431
1788213507.580214,1788213507.582282,2.068,1.951
1788213507.587349,1788213507.590887,3.538,3.235
1788213507.597214,1788213507.598812,1.598,1.251
1788213507.605009,1788213507.607010,2.001,1.453
1788213507.613965,1788213507.615046,1.081,0.601
1788213507.622282,1788213507.622282,0.000,0.281
1788213507.629283,1788213507.630350,1.067,1.360
1788213507.632107,1788213507.638819,6.712,6.353
1788213507.645865,1788213507.646840,0.975,0.786
1788213507.646840,1788213507.655020,8.181,7.261
1788213507.662648,1788213507.662648,0.000,0.137
1788213507.663782,1788213507.670685,6.903,7.043
1788213507.677245,1788213507.678833,1.588,1.096
1788213507.679855,1788213507.686859,7.004,6.855
1788213507.692108,1788213507.694047,1.939,2.002
1788213507.696593,1788213507.702631,6.039,6.094
1788213507.707731,1788213507.711214,3.483,2.552
1788213507.713218,1788213507.718913,5.695,5.723
1788213507.723608,1788213507.726849,3.242,2.844
1788213507.729875,1788213507.734523,4.648,5.099
1788213507.739123,1788213507.742682,3.559,3.211
1788213507.746702,1788213507.750723,4.021,4.302
1788213507.755612,1788213507.759154,3.542,3.447
1788213507.763509,1788213507.766528,3.019,3.465
1788213507.771656,1788213507.775186,3.530,3.468
1788213507.779787,1788213507.782794,3.007,3.216
1788213507.788690,1788213507.790702,2.012,2.330
1788213507.797441,1788213507.799087,1.647,1.594
1788213507.804643,1788213507.806537,1.894,2.413
1788213507.813576,1788213507.815094,1.518,1.599
1788213507.821595,1788213507.822596,1.000,1.543
1788213507.829612,1788213507.830609,0.997,1.531
1788213507.837621,1788213507.838666,1.045,1.607
1788213507.847157,1788213507.847157,0.000,0.079
1788213507.848155,1788213507.855215,7.060,6.545
1788213507.855215,1788213507.862749,7.534,7.830
1788213507.864353,1788213507.871377,7.024,6.673
1788213507.872390,1788213507.878915,6.525,6.862
1788213507.879931,1788213507.886953,7.021,7.485
1788213507.894516,1788213507.895508,0.993,0.171
1788213507.896516,1788213507.903059,6.543,6.808
1788213507.910072,1788213507.911072,1.000,0.353
1788213507.913167,1788213507.919082,5.915,6.217
1788213507.926594,1788213507.927613,1.019,0.474
1788213507.929631,1788213507.935311,5.680,5.820
1788213507.940428,1788213507.943339,2.911,2.550
1788213507.946349,1788213507.951458,5.109,5.143
1788213507.956206,1788213507.959613,3.407,2.779
1788213507.963614,1788213507.967621,4.007,3.798
1788213507.972522,1788213507.975204,2.682,2.910
1788213507.980170,1788213507.983167,2.998,3.274
1788213507.988206,1788213507.991311,3.105,3.440
1788213507.996827,1788213507.999476,2.649,2.725
1788213508.005424,1788213508.007421,1.997,2.196
1788213508.013977,1788213508.015004,1.027,1.636
1788213508.021699,1788213508.023693,1.994,1.850
1788213508.030659,1788213508.031684,1.025,0.891
1788213508.038095,1788213508.039094,0.999,1.620
1788213508.046228,1788213508.047222,0.995,1.373
1788213508.054714,1788213508.055717,1.003,1.003
1788213508.062928,1788213508.063834,0.906,0.767
1788213508.064837,1788213508.071841,7.004,6.074
1788213508.071841,1788213508.079406,7.565,7.821
1788213508.081424,1788213508.087456,6.032,5.724
1788213508.088455,1788213508.096019,7.564,7.357
1788213508.097291,1788213508.103845,6.553,6.526
1788213508.104843,1788213508.111876,7.033,7.021
1788213508.113396,1788213508.119435,6.038,6.423
1788213508.121453,1788213508.127458,6.005,6.436
1788213508.129507,1788213508.136067,6.560,6.397
1788213508.142097,1788213508.144089,1.992,1.411
1788213508.146100,1788213508.151632,5.532,5.869
1788213508.157660,1788213508.160192,2.531,1.712
1788213508.163208,1788213508.168214,5.006,4.752
1788213508.173283,1788213508.175344,2.061,2.182
1788213508.179382,1788213508.183376,3.994,4.615
1788213508.188911,1788213508.192441,3.530,2.781
1788213508.196470,1788213508.200012,3.542,3.638
1788213508.204523,1788213508.208275,3.752,3.206
1788213508.212875,1788213508.216415,3.541,3.365
1788213508.221441,1788213508.224461,3.020,2.887
1788213508.230002,1788213508.232006,2.004,1.995
1788213508.238526,1788213508.240531,2.005,1.885
1788213508.246533,1788213508.248085,1.551,1.829
1788213508.254618,1788213508.256602,1.984,1.787
1788213508.262623,1788213508.264624,2.001,1.713
1788213508.272194,1788213508.272194,0.000,0.134
1788213508.279345,1788213508.280621,1.276,0.940
1788213508.284352,1788213508.288568,4.216,4.047
1788213508.288568,1788213508.296466,7.898,7.721
1788213508.298986,1788213508.303561,4.574,4.769
1788213508.305078,1788213508.312716,7.638,7.069
1788213508.315712,1788213508.319725,4.012,4.294
1788213508.321252,1788213508.328284,7.032,7.310
1788213508.330807,1788213508.336905,6.098,5.199
1788213508.338924,1788213508.344921,5.998,5.462
1788213508.346471,1788213508.351984,5.513,5.615
1788213508.354522,1788213508.360030,5.508,6.097
1788213508.363378,1788213508.368916,5.538,5.324
1788213508.371937,1788213508.376509,4.572,4.777
1788213508.380534,1788213508.384544,4.009,4.021
1788213508.387545,1788213508.392077,4.532,5.187
1788213508.396637,1788213508.400187,3.549,4.061
1788213508.404723,1788213508.408724,4.002,3.995
1788213508.413418,1788213508.416936,3.518,3.367
1788213508.422151,1788213508.425161,3.010,2.584
1788213508.429176,1788213508.433228,4.052,3.707
1788213508.439139,1788213508.441647,2.508,2.186
1788213508.446306,1788213508.449307,3.001,2.752
1788213508.455832,1788213508.456827,0.994,0.874
1788213508.463381,1788213508.465941,2.560,2.040
1788213508.471458,1788213508.474001,2.543,1.478
1788213508.480036,1788213508.482034,1.997,1.785
1788213508.488785,1788213508.489808,1.022,0.958
1788213508.495851,1788213508.497840,1.989,2.098
1788213508.505386,1788213508.505386,0.000,0.484
1788213508.505386,1788213508.513960,8.574,8.529
1788213508.520961,1788213508.521959,0.998,0.903
1788213508.520961,1788213508.530484,9.524,8.933
1788213508.534507,1788213508.538031,3.524,2.964
1788213508.538031,1788213508.546068,8.037,7.705
1788213508.551604,1788213508.554150,2.546,2.392
1788213508.555138,1788213508.562712,7.574,6.955
1788213508.565727,1788213508.569448,3.721,3.741
1788213508.570965,1788213508.577985,7.021,7.168
1788213508.581505,1788213508.586553,5.048,3.911
1788213508.588551,1788213508.594097,5.546,5.610
1788213508.597092,1788213508.602473,5.382,4.445
1788213508.604468,1788213508.610013,5.545,5.616
1788213508.612551,1788213508.618131,5.580,5.237
1788213508.622201,1788213508.626273,4.072,4.049
1788213508.629922,1788213508.634446,4.524,4.329
1788213508.638458,1788213508.642468,4.010,3.905
1788213508.646459,1788213508.650476,4.017,3.482
1788213508.654495,1788213508.658695,4.200,3.760
1788213508.663296,1788213508.666304,3.008,2.912
1788213508.671332,1788213508.674899,3.567,2.615
1788213508.680453,1788213508.682468,2.016,1.860
1788213508.689047,1788213508.690404,1.357,0.831
1788213508.696967,1788213508.697960,0.993,1.455
1788213508.705499,1788213508.706514,1.014,0.902
1788213508.713083,1788213508.714072,0.989,1.147
1788213508.721101,1788213508.722111,1.010,1.441
1788213508.721101,1788213508.730642,9.541,9.490
1788213508.738209,1788213508.738209,0.000,0.460
1788213508.738209,1788213508.746696,8.487,8.477
1788213508.751191,1788213508.754214,3.023,3.134
1788213508.755210,1788213508.762781,7.571,7.433
1788213508.768321,1788213508.770331,2.011,2.158
1788213508.772331,1788213508.778343,6.012,6.388
1788213508.782336,1788213508.786228,3.893,3.740
1788213508.789250,1788213508.794805,5.555,5.494
1788213508.797808,1788213508.802342,4.534,4.304
1788213508.805361,1788213508.810380,5.019,5.467
1788213508.813944,1788213508.818969,5.025,4.091
1788213508.820970,1788213508.827104,6.134,5.903
1788213508.830123,1788213508.834651,4.528,4.601
1788213508.838670,1788213508.843194,4.524,4.277
1788213508.847245,1788213508.850241,2.995,3.810
1788213508.854795,1788213508.858815,4.020,4.175
1788213508.863071,1788213508.867063,3.992,3.907
1788213508.872060,1788213508.874596,2.536,2.923
1788213508.880813,1788213508.882819,2.006,2.198
1788213508.890380,1788213508.890380,0.000,0.247
1788213508.896717,1788213508.898719,2.002,2.433
1788213508.905955,1788213508.906975,1.020,0.765
1788213508.913496,1788213508.915498,2.003,1.638
1788213508.921505,1788213508.922547,1.043,1.171
1788213508.929597,1788213508.931113,1.516,1.563
1788213508.938127,1788213508.939134,1.007,1.134
1788213508.946149,1788213508.947147,0.998,1.117
1788213508.952873,1788213508.955007,2.134,1.982
1788213508.956115,1788213508.962514,6.399,7.119
1788213508.968259,1788213508.971364,3.105,2.660
1788213508.971364,1788213508.979577,8.214,7.895
1788213508.983608,1788213508.986658,3.050,2.823
1788213508.987735,1788213508.994670,6.935,7.649
1788213508.999732,1788213509.003754,4.022,2.887
1788213509.004758,1788213509.011405,6.647,6.667
1788213509.014512,1788213509.019404,4.892,4.365
1788213509.022478,1788213509.027475,4.997,5.007
1788213509.031072,1788213509.035182,4.110,3.910
1788213509.039090,1788213509.043137,4.046,4.412
1788213509.047065,1788213509.051614,4.550,4.526
1788213509.055633,1788213509.059651,4.018,3.918
1788213509.062677,1788213509.067023,4.346,4.943
1788213509.072053,1788213509.075073,3.020,3.532
1788213509.080564,1788213509.083582,3.017,2.996
1788213509.087598,1788213509.091266,3.669,4.033
1788213509.097303,1788213509.099296,1.993,2.323
1788213509.106848,1788213509.107838,0.989,0.244
1788213509.113381,1788213509.115412,2.031,2.315
1788213509.123411,1788213509.123411,0.000,0.026
1788213509.129753,1788213509.130761,1.008,1.984
1788213509.138278,1788213509.139690,1.411,0.859
1788213509.147107,1788213509.148114,1.007,0.607
1788213509.154116,1788213509.156124,2.008,1.306
1788213509.163202,1788213509.164228,1.026,0.598
1788213509.171747,1788213509.171747,0.000,0.235
1788213509.171747,1788213509.179376,7.629,8.258
1788213509.186476,1788213509.187655,1.179,0.822
1788213509.188673,1788213509.196025,7.352,7.279
