t_s,t_capture,in_J3_deg,filt_J3_deg,target_J3_deg,cmd_J3_deg,act_J3_deg,ratelim_J3,rangeclamp_J3,halted_J3
0.000919,1788210118.407403,0.0000,0.0000,0.0000,0.0000,0.0000,0,0,0
0.009303,1788210118.416940,-0.4293,-0.0243,-0.0243,-0.0243,-0.0243,0,0,0
0.017319,1788210118.424050,-0.9862,-0.0655,-0.0655,-0.0655,-0.0655,0,0,0
0.025985,1788210118.433039,-1.6063,-0.1480,-0.1480,-0.1480,-0.1480,0,0,0
0.035576,1788210118.441725,-2.1872,-0.2539,-0.2539,-0.2539,-0.2539,0,0,0
0.044297,1788210118.448951,-2.4865,-0.3513,-0.3513,-0.3513,-0.3513,0,0,0
0.053314,1788210118.457961,-2.4860,-0.4663,-0.4663,-0.4663,-0.4663,0,0,0
0.061332,1788210118.466197,-3.3506,-0.6093,-0.6093,-0.6093,-0.6093,0,0,0
0.069850,1788210118.474201,-3.4394,-0.7461,-0.7461,-0.7461,-0.7461,0,0,0
0.077857,1788210118.482590,-4.3278,-0.9275,-0.9275,-0.9061,-0.9061,1,0,0
0.086475,1788210118.490598,-4.4628,-1.0991,-1.0991,-1.0661,-1.0661,1,0,0
0.095483,1788210118.500217,-5.0811,-1.3294,-1.3294,-1.2261,-1.2261,1,0,0
0.103844,1788210118.507226,-5.5827,-1.5120,-1.5120,-1.3861,-1.3861,1,0,0
0.112445,1788210118.516595,-6.0345,-1.7683,-1.7683,-1.5461,-1.5461,1,0,0
0.120542,1788210118.524188,-6.3784,-1.9828,-1.9828,-1.7061,-1.7061,1,0,0
0.129266,1788210118.532285,-7.0605,-2.2347,-2.2347,-1.8661,-1.8661,1,0,0
0.138259,1788210118.541009,-7.2949,-2.5046,-2.5046,-2.0261,-2.0261,1,0,0
0.147037,1788210118.557765,-8.5950,-3.1002,-3.1002,-2.1861,-2.1861,1,0,0
0.156124,1788210118.565780,-8.7759,-3.3807,-3.3807,-2.3461,-2.3461,1,0,0
0.164231,1788210118.573883,-9.3813,-3.6811,-3.6811,-2.5061,-2.5061,1,0,0
0.172437,1788210118.582264,-9.8439,-4.0005,-4.0005,-2.6661,-2.6661,1,0,0
0.181612,1788210118.590812,-10.0411,-4.3201,-4.3201,-2.8261,-2.8261,1,0,0
0.190084,1788210118.598827,-10.6448,-4.6358,-4.6358,-2.9861,-2.9861,1,0,0
0.199643,1788210118.606834,-11.3300,-4.9704,-4.9704,-3.1461,-3.1461,1,0,0
0.208064,1788210118.616796,-11.8280,-5.3926,-5.3926,-3.3061,-3.3061,1,0,0
0.216830,1788210118.624460,-11.7699,-5.6997,-5.6997,-3.4661,-3.4661,1,0,0
0.225488,1788210118.632483,-13.0877,-6.0723,-6.0723,-3.6261,-3.6261,1,0,0
0.233643,1788210118.641384,-12.3961,-6.4247,-6.4247,-3.7861,-3.7861,1,0,0
0.242637,1788210118.649289,-13.7530,-6.7906,-6.7906,-3.9461,-3.9461,1,0,0
0.250905,1788210118.657626,-13.5155,-7.1444,-7.1444,-4.1061,-4.1061,1,0,0
0.258905,1788210118.665646,-14.6652,-7.5266,-7.5266,-4.2661,-4.2661,1,0,0
0.266924,1788210118.673651,-15.0455,-7.9090,-7.9090,-4.4261,-4.4261,1,0,0
0.275923,1788210118.682667,-15.4297,-8.3377,-8.3377,-4.5861,-4.5861,1,0,0
0.283978,1788210118.690711,-15.7969,-8.7202,-8.7202,-4.7461,-4.7461,1,0,0
0.292568,1788210118.698806,-16.0662,-9.0998,-9.0998,-4.9061,-4.9061,1,0,0
0.301067,1788210118.708785,-16.8851,-9.5905,-9.5905,-5.0661,-5.0661,1,0,0
0.309139,1788210118.716913,-16.7163,-9.9611,-9.9611,-5.2261,-5.2261,1,0,0
0.317361,1788210118.724082,-17.8654,-10.3269,-10.3269,-5.3861,-5.3861,1,0,0
0.326062,1788210118.732185,-17.4780,-10.6991,-10.6991,-5.5461,-5.5461,1,0,0
0.334156,1788210118.741982,-18.4687,-11.1833,-11.1833,-5.7061,-5.7061,1,0,0
0.342226,1788210118.749976,-19.1245,-11.5925,-11.5925,-5.8661,-5.8661,1,0,0
0.350725,1788210118.757456,-19.5769,-11.9794,-11.9794,-6.0261,-6.0261,1,0,0
0.358738,1788210118.765550,-20.0937,-12.4040,-12.4040,-6.1861,-6.1861,1,0,0
0.366904,1788210118.774642,-20.5338,-12.8793,-12.8793,-6.3461,-6.3461,1,0,0
0.375421,1788210118.783170,-20.9211,-13.3225,-13.3225,-6.5061,-6.5061,1,0,0
0.384330,1788210118.792079,-21.3909,-13.7862,-13.7862,-6.6661,-6.6661,1,0,0
0.392336,1788210118.799084,-22.0711,-14.1661,-14.1661,-6.8261,-6.8261,1,0,0
0.400869,1788210118.808084,-22.1504,-14.6308,-14.6308,-6.9861,-6.9861,1,0,0
0.409962,1788210118.817160,-23.1631,-15.1318,-15.1318,-7.1461,-7.1461,1,0,0
0.417984,1788210118.824745,-23.4375,-15.5440,-15.5440,-7.3061,-7.3061,1,0,0
0.426510,1788210118.833726,-23.5834,-16.0125,-16.0125,-7.4661,-7.4661,1,0,0
0.435717,1788210118.841252,-24.2197,-16.4176,-16.4176,-7.6261,-7.6261,1,0,0
0.443732,1788210118.849476,-24.7223,-16.8641,-16.8641,-7.7861,-7.7861,1,0,0
0.452287,1788210118.857480,-24.4660,-17.2626,-17.2626,-7.9461,-7.9461,1,0,0
0.461279,1788210118.866031,-25.5142,-17.7235,-17.7235,-8.1061,-8.1061,1,0,0
0.469307,1788210118.875026,-25.7749,-18.1954,-18.1954,-8.2661,-8.2661,1,0,0
0.478300,1788210118.882051,-26.0396,-18.5595,-18.5595,-8.4261,-8.4261,1,0,0
0.486359,1788210118.892559,-26.8244,-19.1203,-19.1203,-8.5861,-8.5861,1,0,0
0.494903,1788210118.900102,-27.0062,-19.5123,-19.5123,-8.7461,-8.7461,1,0,0
0.502918,1788210118.907643,-27.5512,-19.9123,-19.9123,-8.9061,-8.9061,1,0,0
0.511914,1788210118.915657,-27.7049,-20.3232,-20.3232,-9.0661,-9.0661,1,0,0
0.520088,1788210118.923657,-28.3536,-20.7463,-20.7463,-9.2261,-9.2261,1,0,0
0.528628,1788210118.932830,-28.8629,-21.2329,-21.2329,-9.3861,-9.3861,1,0,0
0.537163,1788210118.941370,-29.0962,-21.6737,-21.6737,-9.5461,-9.5461,1,0,0
0.546160,1788210118.949908,-29.1364,-22.0920,-22.0920,-9.7061,-9.7061,1,0,0
0.554437,1788210118.957902,-29.9559,-22.5063,-22.5063,-9.8661,-9.8661,1,0,0
0.562532,1788210118.966180,-30.2187,-22.9265,-22.9265,-10.0261,-10.0261,1,0,0
0.570938,1788210118.974275,-31.2090,-23.3686,-23.3686,-10.1861,-10.1861,1,0,0
0.579472,1788210118.982681,-31.4303,-23.8146,-23.8146,-10.3461,-10.3461,1,0,0
0.588277,1788210118.991215,-31.3508,-24.2376,-24.2376,-10.5061,-10.5061,1,0,0
0.596324,1788210119.007068,-32.0525,-25.0122,-25.0122,-10.6661,-10.6661,1,1,0
0.604820,1788210119.007068,-32.0525,-25.3826,-25.3826,-10.8261,-10.8261,1,1,0
0.613336,1788210119.016562,-32.8269,-25.8426,-25.8426,-10.9861,-10.9861,1,1,0
0.621487,1788210119.024562,-33.1162,-26.2252,-26.2252,-11.1461,-11.1461,1,1,0
0.629904,1788210119.033230,-33.0677,-26.6133,-26.6133,-11.3061,-11.3061,1,1,0
0.638079,1788210119.041647,-34.1889,-27.0314,-27.0314,-11.4661,-11.4661,1,1,0
0.646593,1788210119.049822,-33.7045,-27.3895,-27.3895,-11.6261,-11.6261,1,1,0
0.654910,1788210119.058336,-34.7237,-27.7986,-27.7986,-11.7861,-11.7861,1,1,0
0.662934,1788210119.073678,-34.9770,-28.4868,-28.4868,-11.9461,-11.9461,1,1,0
0.670987,1788210119.073678,-34.9770,-28.8269,-28.8269,-12.1061,-12.1061,1,1,0
0.679052,1788210119.082730,-35.6461,-29.2283,-29.2283,-12.2661,-12.2661,1,1,0
0.687076,1788210119.090795,-35.7825,-29.5742,-29.5742,-12.4261,-12.4261,1,1,0
0.696073,1788210119.098819,-36.1164,-29.9178,-29.9178,-12.5861,-12.5861,1,1,0
0.704076,1788210119.108816,-36.3240,-30.3313,-30.3313,-12.7461,-12.7461,1,1,0
0.712721,1788210119.115819,-36.9036,-30.6344,-30.6344,-12.9061,-12.9061,1,1,0
0.720739,1788210119.124464,-37.0011,-30.9929,-30.9929,-13.0661,-13.0661,1,1,0
0.729290,1788210119.132482,-37.2768,-31.3224,-31.3224,-13.2261,-13.2261,1,1,0
0.737294,1788210119.141033,-37.3566,-31.6585,-31.6585,-13.3861,-13.3861,1,1,0
0.745826,1788210119.149037,-38.2731,-32.0046,-32.0046,-13.5461,-13.5461,1,1,0
0.753850,1788210119.157569,-38.4854,-32.3648,-32.3648,-13.7061,-13.7061,1,1,0
0.762367,1788210119.165593,-38.3371,-32.6779,-32.6779,-13.8661,-13.8661,1,1,0
0.771247,1788210119.174110,-38.8990,-33.0228,-33.0228,-14.0261,-14.0261,1,1,0
0.779309,1788210119.182990,-38.9618,-33.3651,-33.3651,-14.1861,-14.1861,1,1,0
0.787347,1788210119.191051,-39.5498,-33.6904,-33.6904,-14.3461,-14.3461,1,1,0
0.795450,1788210119.199090,-39.5718,-33.9988,-33.9988,-14.5061,-14.5061,1,1,0
0.803756,1788210119.207193,-40.1967,-34.3263,-34.3263,-14.6661,-14.6661,1,1,0
0.812051,1788210119.215499,-39.5049,-34.6061,-34.6061,-14.8261,-14.8261,1,1,0
0.820331,1788210119.224896,-40.6005,-34.9698,-34.9698,-14.9861,-14.9861,1,1,0
0.828942,1788210119.232074,-40.7807,-35.2430,-35.2430,-15.1461,-15.1461,1,1,0
0.836960,1788210119.241829,-41.0404,-35.6069,-35.6069,-15.3061,-15.3061,1,1,0
0.846195,1788210119.249702,-41.2777,-35.8976,-35.8976,-15.4661,-15.4661,1,1,0
0.854215,1788210119.257938,-41.1026,-36.1759,-36.1759,-15.6261,-15.6261,1,1,0
0.862733,1788210119.265958,-41.0131,-36.4280,-36.4280,-15.7861,-15.7861,1,1,0
0.871448,1788210119.274476,-41.9568,-36.7328,-36.7328,-15.9461,-15.9461,1,1,0
0.879812,1788210119.283191,-42.0993,-37.0350,-37.0350,-16.1061,-16.1061,1,1,0
0.887830,1788210119.298577,-42.0564,-37.5117,-37.5117,-16.2661,-16.2661,1,1,0
0.896363,1788210119.298577,-42.0564,-37.7466,-37.7466,-16.4261,-16.4261,1,1,0
0.904376,1788210119.308106,-42.3051,-38.0242,-38.0242,-16.5861,-16.5861,1,1,0
0.913183,1788210119.316119,-42.4757,-38.2542,-38.2542,-16.7461,-16.7461,1,1,0
0.921250,1788210119.324926,-43.0289,-38.5237,-38.5237,-16.9061,-16.9061,1,1,0
0.929794,1788210119.332993,-43.0143,-38.7570,-38.7570,-17.0661,-17.0661,1,1,0
0.937800,1788210119.341537,-43.2664,-39.0040,-39.0040,-17.2261,-17.2261,1,1,0
0.946054,1788210119.349543,-43.2065,-39.2204,-39.2204,-17.3861,-17.3861,1,1,0
0.955007,1788210119.357797,-42.8113,-39.4105,-39.4105,-17.5461,-17.5461,1,1,0
0.963672,1788210119.373763,-43.8401,-39.8413,-39.8413,-17.7061,-17.7061,1,1,0
0.971729,1788210119.373763,-43.8401,-40.0460,-40.0460,-17.8661,-17.8661,1,1,0
0.980038,1788210119.390761,-44.1139,-40.4628,-40.4628,-18.0261,-18.0261,1,1,0
0.988846,1788210119.399591,-43.4263,-40.6285,-40.6285,-18.1861,-18.1861,1,1,0
0.996847,1788210119.399591,-43.4263,-40.7708,-40.7708,-18.3461,-18.3461,1,1,0
1.005364,1788210119.416107,-43.5545,-41.0472,-41.0472,-18.5061,-18.5061,1,1,0
1.013665,1788210119.424415,-44.1500,-41.2100,-41.2100,-18.6661,-18.6661,1,1,0
1.021673,1788210119.432417,-43.9557,-41.3490,-41.3490,-18.8261,-18.8261,1,1,0
1.030243,1788210119.440983,-44.3767,-41.5123,-41.5123,-18.9861,-18.9861,1,1,0
1.039237,1788210119.449980,-43.9932,-41.6523,-41.6523,-19.1461,-19.1461,1,1,0
1.047267,1788210119.456988,-44.3943,-41.7743,-41.7743,-19.3061,-19.3061,1,1,0
1.056263,1788210119.466017,-44.2978,-41.9170,-41.9170,-19.4661,-19.4661,1,1,0
1.064282,1788210119.474026,-44.4820,-42.0464,-42.0464,-19.6261,-19.6261,1,1,0
1.072288,1788210119.483024,-44.6968,-42.1955,-42.1955,-19.7861,-19.7861,1,1,0
1.080553,1788210119.491295,-44.4596,-42.3130,-42.3130,-19.9461,-19.9461,1,1,0
1.089553,1788210119.500293,-44.4397,-42.4324,-42.4324,-20.1061,-20.1061,1,1,0
1.097819,1788210119.508541,-44.0800,-42.5175,-42.5175,-20.2661,-20.2661,1,1,0
1.105921,1788210119.515672,-44.1709,-42.5918,-42.5918,-20.4261,-20.4261,1,1,0
1.114113,1788210119.523841,-44.6103,-42.6949,-42.6949,-20.5861,-20.5861,1,1,0
1.122129,1788210119.532390,-44.1645,-42.7732,-42.7732,-20.7461,-20.7461,1,1,0
1.130847,1788210119.540470,-44.3734,-42.8539,-42.8539,-20.9061,-20.9061,1,1,0
1.139784,1788210119.549472,-43.9036,-42.9124,-42.9124,-21.0661,-21.0661,1,1,0
1.148217,1788210119.557964,-44.1997,-42.9803,-42.9803,-21.2261,-21.2261,1,1,0
1.156286,1788210119.566016,-43.7678,-43.0198,-43.0198,-21.3861,-21.3861,1,1,0
1.164292,1788210119.574980,-44.1472,-43.0822,-43.0822,-21.5461,-21.5461,1,1,0
1.172828,1788210119.582458,-44.0679,-43.1280,-43.1280,-21.7061,-21.7061,1,1,0
1.181412,1788210119.591263,-43.8476,-43.1671,-43.1671,-21.8661,-21.8661,1,1,0
1.190411,1788210119.600154,-44.1567,-43.2213,-43.2213,-22.0261,-22.0261,1,1,0
1.198666,1788210119.608389,-43.3844,-43.2296,-43.2296,-22.1861,-22.1861,1,1,0
1.206727,1788210119.615468,-43.3058,-43.2329,-43.2329,-22.3461,-22.3461,1,1,0
1.215755,1788210119.624687,-43.4047,-43.2426,-43.2426,-22.5061,-22.5061,1,1,0
1.224177,1788210119.633402,-43.6329,-43.2634,-43.2634,-22.6661,-22.6661,1,1,0
1.232222,1788210119.641962,-43.0253,-43.2510,-43.2510,-22.8261,-22.8261,1,1,0
1.241224,1788210119.648963,-43.2886,-43.2526,-43.2526,-22.9861,-22.9861,1,1,0
1.249786,1788210119.657519,-43.0604,-43.2425,-43.2425,-23.1461,-23.1461,1,1,0
1.258786,1788210119.666522,-43.0840,-43.2339,-43.2339,-23.3061,-23.3061,1,1,0
1.266933,1788210119.674684,-42.6480,-43.2047,-43.2047,-23.4661,-23.4661,1,1,0
1.275158,1788210119.683104,-42.4850,-43.1678,-43.1678,-23.6261,-23.6261,1,1,0
1.283578,1788210119.691315,-42.2367,-43.1213,-43.1213,-23.7861,-23.7861,1,1,0
1.292421,1788210119.699494,-42.1397,-43.0725,-43.0725,-23.9461,-23.9461,1,1,0
1.300436,1788210119.708174,-41.8679,-43.0092,-43.0092,-24.1061,-24.1061,1,1,0
1.308963,1788210119.716171,-41.8006,-42.9506,-42.9506,-24.2661,-24.2661,1,1,0
1.317224,1788210119.724444,-41.5019,-42.8782,-42.8782,-24.4261,-24.4261,1,1,0
1.325781,1788210119.732972,-41.9201,-42.8290,-42.8290,-24.5861,-24.5861,1,1,0
1.334327,1788210119.741071,-40.9873,-42.7390,-42.7390,-24.7461,-24.7461,1,1,0
1.342978,1788210119.749071,-41.3424,-42.6716,-42.6716,-24.9061,-24.9061,1,1,0
1.351005,1788210119.757744,-41.4609,-42.6087,-42.6087,-25.0000,-25.0000,0,1,0
1.359675,1788210119.766426,-40.7197,-42.5105,-42.5105,-25.0000,-25.0000,0,1,0
1.367688,1788210119.774550,-40.1965,-42.3978,-42.3978,-25.0000,-25.0000,0,1,0
1.376865,1788210119.783437,-40.3564,-42.2898,-42.2898,-25.0000,-25.0000,0,1,0
1.384887,1788210119.790632,-39.7878,-42.1815,-42.1815,-25.0000,-25.0000,0,1,0
1.393495,1788210119.799731,-39.7633,-42.0504,-42.0504,-25.0000,-25.0000,0,1,0
1.402105,1788210119.808157,-39.3745,-41.9153,-41.9153,-25.0000,-25.0000,0,1,0
1.410955,1788210119.817007,-39.2645,-41.7749,-41.7749,-25.0000,-25.0000,0,1,0
1.419863,1788210119.824713,-38.7566,-41.6345,-41.6345,-25.0000,-25.0000,0,1,0
1.428386,1788210119.833604,-39.0271,-41.4953,-41.4953,-25.0000,-25.0000,0,1,0
1.436920,1788210119.841643,-38.5777,-41.3536,-41.3536,-25.0000,-25.0000,0,1,0
1.445385,1788210119.848663,-37.9502,-41.2080,-41.2080,-25.0000,-25.0000,0,1,0
1.453389,1788210119.858128,-37.7732,-41.0125,-41.0125,-25.0000,-25.0000,0,1,0
1.461565,1788210119.865132,-37.4923,-40.8617,-40.8617,-25.0000,-25.0000,0,1,0
1.470516,1788210119.874263,-37.2640,-40.6631,-40.6631,-25.0000,-25.0000,0,1,0
1.479051,1788210119.883259,-37.0813,-40.4679,-40.4679,-25.0000,-25.0000,0,1,0
1.487052,1788210119.890794,-36.5972,-40.2892,-40.2892,-25.0000,-25.0000,0,1,0
1.495072,1788210119.898795,-36.5845,-40.1079,-40.1079,-25.0000,-25.0000,0,1,0
1.503073,1788210119.907810,-35.8904,-39.8764,-39.8764,-25.0000,-25.0000,0,1,0
1.511646,1788210119.915824,-35.9123,-39.6814,-39.6814,-25.0000,-25.0000,0,1,0
1.520632,1788210119.924393,-35.2205,-39.4473,-39.4473,-25.0000,-25.0000,0,1,0
1.529526,1788210119.933372,-34.6780,-39.1851,-39.1851,-25.0000,-25.0000,0,1,0
1.538532,1788210119.942271,-34.7307,-38.9420,-38.9420,-25.0000,-25.0000,0,1,0
1.547061,1788210119.957807,-33.1449,-38.4107,-38.4107,-25.0000,-25.0000,0,1,0
1.555113,1788210119.965855,-33.5894,-38.1708,-38.1708,-25.0000,-25.0000,0,1,0
1.564077,1788210119.974822,-32.8397,-37.8763,-37.8763,-25.0000,-25.0000,0,1,0
1.572640,1788210119.982866,-32.4001,-37.6029,-37.6029,-25.0000,-25.0000,0,1,0
1.581367,1788210119.991114,-32.1540,-37.3238,-37.3238,-25.0000,-25.0000,0,1,0
1.589378,1788210120.000102,-32.4539,-37.0529,-37.0529,-25.0000,-25.0000,0,1,0
1.598487,1788210120.007116,-31.7928,-36.8213,-36.8213,-25.0000,-25.0000,0,1,0
1.607247,1788210120.017259,-30.9992,-36.4572,-36.4572,-25.0000,-25.0000,0,1,0
1.615885,1788210120.024625,-31.1651,-36.2123,-36.2123,-25.0000,-25.0000,0,1,0
1.624455,1788210120.032627,-30.3991,-35.9207,-35.9207,-25.0000,-25.0000,0,1,0
1.632844,1788210120.041215,-29.7014,-35.5865,-35.5865,-25.0000,-25.0000,0,1,0
1.642230,1788210120.049651,-29.7327,-35.2768,-35.2768,-25.0000,-25.0000,0,1,0
1.651104,1788210120.057865,-29.1892,-34.9623,-34.9623,-25.0000,-25.0000,0,1,0
1.659576,1788210120.066741,-28.5575,-34.6056,-34.6056,-25.0000,-25.0000,0,1,0
1.668539,1788210120.074394,-28.1005,-34.2902,-34.2902,-25.0000,-25.0000,0,1,0
1.678465,1788210120.082991,-28.0251,-33.9506,-33.9506,-25.0000,-25.0000,0,1,0
1.686516,1788210120.091226,-27.5607,-33.6175,-33.6175,-25.0000,-25.0000,0,1,0
1.696032,1788210120.099257,-27.3863,-33.2999,-33.2999,-25.0000,-25.0000,0,1,0
1.704056,1788210120.107775,-26.7087,-32.9442,-32.9442,-25.0000,-25.0000,0,1,0
1.712693,1788210120.115799,-26.2394,-32.6018,-32.6018,-25.0000,-25.0000,0,1,0
1.720796,1788210120.124436,-25.5513,-32.2151,-32.2151,-25.0000,-25.0000,0,1,0
1.729533,1788210120.132539,-25.2500,-31.8550,-31.8550,-25.0000,-25.0000,0,1,0
1.737963,1788210120.141276,-24.4352,-31.4424,-31.4424,-25.0000,-25.0000,0,1,0
1.746932,1788210120.149706,-24.3377,-31.0599,-31.0599,-25.0000,-25.0000,0,1,0
1.755922,1788210120.166672,-23.8740,-30.3229,-30.3229,-25.0000,-25.0000,0,1,0
1.764035,1788210120.173793,-23.2503,-29.9986,-29.9986,-25.0000,-25.0000,0,1,0
1.772036,1788210120.173793,-23.2503,-29.6525,-29.6525,-25.0000,-25.0000,0,1,0
1.780419,1788210120.191165,-22.2801,-28.8794,-28.8794,-25.0000,-25.0000,0,1,0
1.788440,1788210120.199171,-21.7433,-28.5134,-28.5134,-25.0000,-25.0000,0,1,0
1.796533,1788210120.207265,-21.3824,-28.1432,-28.1432,-25.0000,-25.0000,0,1,0
1.805521,1788210120.207265,-21.3824,-27.7958,-27.7958,-25.0000,-25.0000,0,1,0
1.813831,1788210120.224555,-20.3106,-27.0129,-27.0129,-25.0000,-25.0000,0,1,0
1.822814,1788210120.232562,-20.3979,-26.6730,-26.6730,-25.0000,-25.0000,0,1,0
1.831531,1788210120.241281,-19.3039,-26.2621,-26.2621,-25.0000,-25.0000,0,1,0
1.841032,1788210120.250879,-18.8880,-25.8116,-25.8116,-25.0000,-25.0000,0,1,0
1.849147,1788210120.257866,-18.3628,-25.4741,-25.4741,-25.0000,-25.0000,0,1,0
1.858036,1788210120.265880,-18.1066,-25.0933,-25.0933,-25.0000,-25.0000,0,1,0
1.866232,1788210120.273974,-17.4010,-24.6913,-24.6913,-24.8400,-24.8400,1,0,0
1.874703,1788210120.282965,-17.1526,-24.2559,-24.2559,-24.6800,-24.6800,1,0,0
1.882802,1788210120.291468,-16.5149,-23.8312,-23.8312,-24.5200,-24.5200,1,0,0
1.890806,1788210120.299527,-16.5678,-23.4521,-23.4521,-24.3600,-24.3600,1,0,0
1.898906,1788210120.307647,-15.6321,-23.0405,-23.0405,-24.2000,-24.2000,1,0,0
1.908385,1788210120.316644,-15.5004,-22.6029,-22.6029,-24.0400,-24.0400,1,0,0
1.916585,1788210120.324315,-14.6276,-22.2043,-22.2043,-23.8800,-23.8800,1,0,0
1.925012,1788210120.333244,-14.1425,-21.7388,-21.7388,-23.7200,-23.7200,1,0,0
1.933026,1788210120.341769,-14.2273,-21.3232,-21.3232,-23.5600,-23.5600,1,0,0
1.941433,1788210120.350275,-13.5281,-20.8926,-20.8926,-23.4000,-23.4000,1,0,0
1.949528,1788210120.357278,-12.7022,-20.5157,-20.5157,-23.2400,-23.2400,1,0,0
1.958622,1788210120.366282,-12.2892,-20.0349,-20.0349,-23.0800,-23.0800,1,0,0
1.967625,1788210120.374372,-12.1630,-19.6188,-19.6188,-22.9200,-22.9200,1,0,0
1.976357,1788210120.383370,-11.8193,-19.1627,-19.1627,-22.7600,-22.7600,1,0,0
1.985137,1788210120.391196,-11.0327,-18.7456,-18.7456,-22.6000,-22.6000,1,0,0
1.994004,1788210120.399807,-10.5093,-18.2826,-18.2826,-22.4400,-22.4400,1,0,0
2.002008,1788210120.408751,-10.1366,-17.8078,-17.8078,-22.2800,-22.2800,1,0,0
2.010202,1788210120.417342,-9.6526,-17.3499,-17.3499,-22.1200,-22.1200,1,0,0
2.018514,1788210120.425302,-8.9677,-16.9116,-16.9116,-21.9600,-21.9600,1,0,0
2.027041,1788210120.433259,-8.8167,-16.4881,-16.4881,-21.8000,-21.8000,1,0,0
2.035042,1788210120.441782,-8.4614,-16.0397,-16.0397,-21.6400,-21.6400,1,0,0
2.043289,1788210120.448785,-8.1535,-15.6736,-15.6736,-21.4800,-21.4800,1,0,0
2.051373,1788210120.458125,-7.0872,-15.1500,-15.1500,-21.3200,-21.3200,1,0,0
2.059476,1788210120.467104,-7.0220,-14.6723,-14.6723,-21.1600,-21.1600,1,0,0
2.067477,1788210120.474215,-6.6317,-14.2930,-14.2930,-21.0000,-21.0000,1,0,0
2.076276,1788210120.482224,-5.9453,-13.8518,-13.8518,-20.8400,-20.8400,1,0,0
2.085196,1788210120.492009,-5.5282,-13.3205,-13.3205,-20.6800,-20.6800,1,0,0
2.093902,1788210120.499023,-5.3824,-12.9503,-12.9503,-20.5200,-20.5200,1,0,0
2.102855,1788210120.507633,-4.4836,-12.4705,-12.4705,-20.3600,-20.3600,1,0,0
2.111699,1788210120.515637,-4.2670,-12.0363,-12.0363,-20.2000,-20.2000,1,0,0
2.120692,1788210120.525426,-3.7290,-11.5050,-11.5050,-20.0400,-20.0400,1,0,0
2.129010,1788210120.532435,-3.6985,-11.1406,-11.1406,-19.8800,-19.8800,1,0,0
2.137011,1788210120.540753,-2.6124,-10.6720,-10.6720,-19.7200,-19.7200,1,0,0
2.145205,1788210120.548754,-2.5966,-10.2441,-10.2441,-19.5600,-19.5600,1,0,0
2.153315,1788210120.558059,-2.1315,-9.7486,-9.7486,-19.4000,-19.4000,1,0,0
2.161452,1788210120.567050,-1.8259,-9.2801,-9.2801,-19.2400,-19.2400,1,0,0
2.169462,1788210120.574134,-1.0480,-8.8914,-8.8914,-19.0800,-19.0800,1,0,0
2.177905,1788210120.582794,-0.4638,-8.4098,-8.4098,-18.9200,-18.9200,1,0,0
2.185999,1788210120.591628,-0.6709,-7.9592,-7.9592,-18.7600,-18.7600,1,0,0
2.194901,1788210120.598727,0.1122,-7.5769,-7.5769,-18.6000,-18.6000,1,0,0
2.202937,1788210120.608639,0.7565,-7.0364,-7.0364,-18.4400,-18.4400,1,0,0
2.211117,1788210120.615782,0.6827,-6.6685,-6.6685,-18.2800,-18.2800,1,0,0
2.219194,1788210120.623855,1.0571,-6.2551,-6.2551,-18.1200,-18.1200,1,0,0
2.227471,1788210120.634402,1.9143,-5.6936,-5.6936,-17.9600,-17.9600,1,0,0
2.236024,1788210120.641191,2.1405,-5.3380,-5.3380,-17.8000,-17.8000,1,0,0
2.244122,1788210120.649869,2.6631,-4.8796,-4.8796,-17.6400,-17.6400,1,0,0
2.253219,1788210120.658864,3.4309,-4.3872,-4.3872,-17.4800,-17.4800,1,0,0
2.262217,1788210120.665958,3.1448,-4.0305,-4.0305,-17.3200,-17.3200,1,0,0
2.271021,1788210120.673960,3.6923,-3.6204,-3.6204,-17.1600,-17.1600,1,0,0
2.280019,1788210120.682764,4.1984,-3.1662,-3.1662,-17.0000,-17.0000,1,0,0
2.288131,1788210120.698872,5.2927,-2.3117,-2.3117,-16.8400,-16.8400,1,0,0
2.297112,1788210120.698872,5.2927,-1.9097,-1.9097,-16.6800,-16.6800,1,0,0
2.305346,1788210120.716083,5.6906,-1.0984,-1.0984,-16.5200,-16.5200,1,0,0
2.313963,1788210120.724703,5.9286,-0.7017,-0.7017,-16.3600,-16.3600,1,0,0
2.322096,1788210120.732835,5.8926,-0.3495,-0.3495,-16.2000,-16.2000,1,0,0
2.330102,1788210120.732835,5.8926,-0.0213,-0.0213,-16.0400,-16.0400,1,0,0
2.338636,1788210120.749378,7.1183,0.7108,0.7108,-15.8800,-15.8800,1,0,0
2.347635,1788210120.757379,7.0949,1.0451,1.0451,-15.7200,-15.7200,1,0,0
2.355651,1788210120.765394,7.2798,1.3720,1.3720,-15.5600,-15.5600,1,0,0
2.363741,1788210120.774467,7.6237,1.7404,1.7404,-15.4000,-15.4000,1,0,0
2.372248,1788210120.782971,7.9281,2.0832,2.0832,-15.2400,-15.2400,1,0,0
2.380330,1788210120.791088,8.6637,2.4320,2.4320,-15.0800,-15.0800,1,0,0
2.389261,1788210120.800005,8.9063,2.8070,2.8070,-14.9200,-14.9200,1,0,0
2.398001,1788210120.808233,9.0720,3.1432,3.1432,-14.7600,-14.7600,1,0,0
2.406331,1788210120.816562,9.3891,3.4823,3.4823,-14.6000,-14.6000,1,0,0
2.414559,1788210120.825303,8.9874,3.7947,3.7947,-14.4400,-14.4400,1,0,0
2.423106,1788210120.832848,9.4622,4.0746,4.0746,-14.2800,-14.2800,1,0,0
2.431640,1788210120.841383,9.8216,4.3933,4.3933,-14.1200,-14.1200,1,0,0
2.440258,1788210120.850006,10.1434,4.7151,4.7151,-13.9600,-13.9600,1,0,0
2.448353,1788210120.858011,10.7366,5.0292,5.0292,-13.8000,-13.8000,1,0,0
2.456354,1788210120.866014,10.7461,5.3272,5.3272,-13.6400,-13.6400,1,0,0
2.464509,1788210120.874533,11.2442,5.6543,5.6543,-13.4800,-13.4800,1,0,0
2.472528,1788210120.883270,11.8387,6.0044,6.0044,-13.3200,-13.3200,1,0,0
2.480648,1788210120.891271,11.7760,6.3049,6.3049,-13.1600,-13.1600,1,0,0
2.488971,1788210120.899545,11.9486,6.6082,6.6082,-13.0000,-13.0000,1,0,0
2.497755,1788210120.899545,11.9486,6.8860,6.8860,-12.8400,-12.8400,1,0,0
2.506015,1788210120.915875,12.6037,7.4598,7.4598,-12.6800,-12.6800,1,0,0
2.514284,1788210120.924366,12.5958,7.7412,7.7412,-12.5200,-12.5200,1,0,0
2.522532,1788210120.933272,12.9940,8.0421,8.0421,-12.3600,-12.3600,1,0,0
2.531112,1788210120.941317,13.4847,8.3252,8.3252,-12.2000,-12.2000,1,0,0
2.539205,1788210120.949950,13.6561,8.6215,8.6215,-12.0400,-12.0400,1,0,0
2.547724,1788210120.958947,13.0779,8.8788,8.8788,-11.8800,-11.8800,1,0,0
2.555753,1788210120.966495,13.7999,9.1193,9.1193,-11.7200,-11.7200,1,0,0
2.564277,1788210120.975004,13.5638,9.3625,9.3625,-11.5600,-11.5600,1,0,0
2.572889,1788210120.982630,13.9786,9.5900,9.5900,-11.4000,-11.4000,1,0,0
2.580904,1788210120.991641,13.4979,9.8153,9.8153,-11.2400,-11.2400,1,0,0
2.589047,1788210120.998730,13.8896,10.0023,10.0023,-11.0800,-11.0800,1,0,0
2.597512,1788210121.008146,14.1915,10.2537,10.2537,-10.9200,-10.9200,1,0,0
2.605512,1788210121.016252,14.6122,10.4805,10.4805,-10.7600,-10.7600,1,0,0
2.614216,1788210121.024959,14.6100,10.7103,10.7103,-10.6000,-10.6000,1,0,0
2.623216,1788210121.032963,14.7451,10.9175,10.9175,-10.4400,-10.4400,1,0,0
2.632958,1788210121.041867,14.4421,11.1174,11.1174,-10.2800,-10.2800,1,0,0
2.641309,1788210121.049069,14.8945,11.2925,11.2925,-10.1200,-10.1200,1,0,0
2.649858,1788210121.057574,15.4720,11.5193,11.5193,-9.9600,-9.9600,1,0,0
2.658382,1788210121.065602,15.3590,11.7164,11.7164,-9.8000,-9.8000,1,0,0
2.667379,1788210121.074122,15.0870,11.8993,11.8993,-9.6400,-9.6400,1,0,0
2.675462,1788210121.082124,15.4013,12.0782,12.0782,-9.4800,-9.4800,1,0,0
2.684264,1788210121.091901,15.4344,12.2851,12.2851,-9.3200,-9.3200,1,0,0
2.693852,1788210121.099000,15.4146,12.4274,12.4274,-9.1600,-9.1600,1,0,0
2.702800,1788210121.107440,15.3440,12.5836,12.5836,-9.0000,-9.0000,1,0,0
2.711795,1788210121.115528,15.9464,12.7565,12.7565,-8.8400,-8.8400,1,0,0
2.719905,1788210121.123538,15.7731,12.9100,12.9100,-8.6800,-8.6800,1,0,0
2.729225,1788210121.132556,15.7725,13.0728,13.0728,-8.5200,-8.5200,1,0,0
2.737334,1788210121.140968,15.5211,13.2029,13.2029,-8.3600,-8.3600,1,0,0
2.746423,1788210121.149077,15.4982,13.3207,13.3207,-8.2000,-8.2000,1,0,0
2.754429,1788210121.165171,15.3712,13.5187,13.5187,-8.0400,-8.0400,1,0,0
2.762453,1788210121.165171,15.3712,13.6120,13.6120,-7.8800,-7.8800,1,0,0
2.770550,1788210121.174196,15.8432,13.7379,13.7379,-7.7200,-7.7200,1,0,0
2.780145,1788210121.182293,15.9119,13.8484,13.8484,-7.5600,-7.5600,1,0,0
2.788863,1788210121.199510,15.6742,14.0346,14.0346,-7.4000,-7.4000,1,0,0
2.797483,1788210121.208232,15.7518,14.1278,14.1278,-7.2400,-7.2400,1,0,0
2.805487,1788210121.208232,15.7518,14.2090,14.2090,-7.0800,-7.0800,1,0,0
2.814073,1788210121.224810,15.4927,14.3348,14.3348,-6.9200,-6.9200,1,0,0
2.823073,1788210121.232823,15.8644,14.4111,14.4111,-6.7600,-6.7600,1,0,0
2.832054,1788210121.241801,15.1721,14.4533,14.4533,-6.6000,-6.6000,1,0,0
2.840061,1788210121.248804,15.1560,14.4840,14.4840,-6.4400,-6.4400,1,0,0
2.848570,1788210121.258312,15.4561,14.5408,14.5408,-6.2800,-6.2800,1,0,0
2.856573,1788210121.266340,14.8770,14.5575,14.5575,-6.1200,-6.1200,1,0,0
2.864967,1788210121.275292,14.9260,14.5778,14.5778,-5.9600,-5.9600,1,0,0
2.873200,1788210121.282958,14.9403,14.5950,14.5950,-5.8000,-5.8000,1,0,0
2.881977,1788210121.291636,14.7717,14.6044,14.6044,-5.6400,-5.6400,1,0,0
2.890395,1788210121.298958,14.6891,14.6082,14.6082,-5.4800,-5.4800,1,0,0
2.898557,1788210121.308309,14.6432,14.6102,14.6102,-5.3200,-5.3200,1,0,0
2.906582,1788210121.316326,14.6052,14.6099,14.6099,-5.1600,-5.1600,1,0,0
2.914669,1788210121.324365,14.6186,14.6104,14.6104,-5.0000,-5.0000,1,0,0
2.922673,1788210121.332434,14.0933,14.5848,14.5848,-4.8400,-4.8400,1,0,0
2.931208,1788210121.340947,14.4205,14.5763,14.5763,-4.6800,-4.6800,1,0,0
2.940214,1788210121.349945,13.8615,14.5373,14.5373,-4.5200,-4.5200,1,0,0
2.948300,1788210121.357049,13.7613,14.5035,14.5035,-4.3600,-4.3600,1,0,0
2.956302,1788210121.367055,13.4373,14.4394,14.4394,-4.2000,-4.2000,1,0,0
2.964892,1788210121.374643,13.3682,14.3899,14.3899,-4.0400,-4.0400,1,0,0
2.973598,1788210121.383309,12.9486,14.3144,14.3144,-3.8800,-3.8800,1,0,0
2.982034,1788210121.391778,13.2114,14.2580,14.2580,-3.7200,-3.7200,1,0,0
2.991041,1788210121.399776,12.9547,14.1950,14.1950,-3.5600,-3.5600,1,0,0
2.999843,1788210121.408592,12.2076,14.0898,14.0898,-3.4000,-3.4000,1,0,0
3.009264,1788210121.416505,12.3621,14.0073,14.0073,-3.2400,-3.2400,1,0,0
3.017920,1788210121.424664,12.1580,13.9167,13.9167,-3.0800,-3.0800,1,0,0
3.026443,1788210121.433663,12.0687,13.8174,13.8174,-2.9200,-2.9200,1,0,0
3.035052,1788210121.440712,11.7876,13.7311,13.7311,-2.7600,-2.7600,1,0,0
3.043166,1788210121.449881,11.2694,13.5969,13.5969,-2.6000,-2.6000,1,0,0
3.051178,1788210121.458913,10.7878,13.4458,13.4458,-2.4400,-2.4400,1,0,0
3.059682,1788210121.465916,11.0057,13.3427,13.3427,-2.2800,-2.2800,1,0,0
3.067706,1788210121.474442,11.0344,13.2248,13.2248,-2.1200,-2.1200,1,0,0
3.075786,1788210121.483433,10.2846,13.0666,13.0666,-1.9600,-1.9600,1,0,0
3.084786,1788210121.490553,10.3544,12.9495,12.9495,-1.8000,-1.8000,1,0,0
3.093572,1788210121.500523,9.8505,12.7651,12.7651,-1.6400,-1.6400,1,0,0
3.102490,1788210121.508404,10.1748,12.6415,12.6415,-1.4800,-1.4800,1,0,0
3.111204,1788210121.516319,9.4166,12.4868,12.4868,-1.3200,-1.3200,1,0,0
3.119291,1788210121.525033,8.9659,12.3014,12.3014,-1.1600,-1.1600,1,0,0
3.128465,1788210121.534624,8.5748,12.0862,12.0862,-1.0000,-1.0000,1,0,0
3.136679,1788210121.541317,8.2216,11.9274,11.9274,-0.8400,-0.8400,1,0,0
3.145188,1788210121.549423,7.8631,11.7265,11.7265,-0.6800,-0.6800,1,0,0
3.154164,1788210121.558815,7.6500,11.4944,11.4944,-0.5200,-0.5200,1,0,0
3.162316,1788210121.565907,7.6565,11.3268,11.3268,-0.3600,-0.3600,1,0,0
3.171305,1788210121.574059,7.1830,11.1198,11.1198,-0.2000,-0.2000,1,0,0
3.179416,1788210121.583048,6.9036,10.8883,10.8883,-0.0400,-0.0400,1,0,0
3.188015,1788210121.591159,6.9639,10.6927,10.6927,0.1200,0.1200,1,0,0
3.196215,1788210121.599758,6.2986,10.4607,10.4607,0.2800,0.2800,1,0,0
3.205064,1788210121.607958,5.3625,10.2029,10.2029,0.4400,0.4400,1,0,0
3.213201,1788210121.623945,5.4166,9.7526,9.7526,0.6000,0.6000,1,0,0
3.222289,1788210121.623945,5.4166,9.5381,9.5381,0.7600,0.7600,1,0,0
3.230905,1788210121.641583,4.5130,9.0209,9.0209,0.9200,0.9200,1,0,0
3.239010,1788210121.649656,3.9327,8.7665,8.7665,1.0800,1.0800,1,0,0
3.247013,1788210121.657746,3.8616,8.5204,8.5204,1.2400,1.2400,1,0,0
3.255507,1788210121.657746,3.8616,8.2888,8.2888,1.4000,1.4000,1,0,0
3.263650,1788210121.674364,3.2809,7.7981,7.7981,1.5600,1.5600,1,0,0
3.272707,1788210121.683357,2.5412,7.5058,7.5058,1.7200,1.7200,1,0,0
3.280722,1788210121.690449,2.3116,7.2749,7.2749,1.8800,1.8800,1,0,0
3.289189,1788210121.690449,2.3116,7.0271,7.0271,2.0400,2.0400,1,0,0
3.297293,1788210121.707045,1.0613,6.4407,6.4407,2.2000,2.2000,1,0,0
3.305293,1788210121.707045,1.0613,6.1717,6.1717,2.3600,2.3600,1,0,0
3.313400,1788210121.724131,0.4638,5.5952,5.5952,2.5200,2.5200,1,0,0
3.321512,1788210121.732733,0.0010,5.2952,5.2952,2.6800,2.6800,1,0,0
3.330314,1788210121.740956,0.1519,5.0307,5.0307,2.8400,2.8400,1,0,0
3.338747,1788210121.748967,-0.5589,4.7498,4.7498,3.0000,3.0000,1,0,0
3.346775,1788210121.748967,-0.5589,4.4830,4.4830,3.1600,3.1600,1,0,0
3.355986,1788210121.766034,-1.6180,3.8646,3.8646,3.3200,3.3200,1,0,0
3.364083,1788210121.774747,-1.8536,3.5528,3.5528,3.4800,3.4800,1,0,0
3.372083,1788210121.782826,-2.1600,3.2624,3.2624,3.3200,3.3200,1,0,0
3.380104,1788210121.790965,-2.9101,2.9460,2.9460,3.1600,3.1600,1,0,0
3.389210,1788210121.799351,-3.4912,2.6058,2.6058,3.0000,3.0000,1,0,0
3.397228,1788210121.807967,-3.4116,2.2793,2.2793,2.8400,2.8400,1,0,0
3.405272,1788210121.816005,-3.8501,1.9674,1.9674,2.6800,2.6800,1,0,0
3.414033,1788210121.824777,-4.6623,1.6004,1.6004,2.5200,2.5200,1,0,0
3.422505,1788210121.832789,-5.0676,1.2611,1.2611,2.3600,2.3600,1,0,0
3.431046,1788210121.841264,-5.1891,0.9145,0.9145,2.2000,2.2000,1,0,0
3.439569,1788210121.849784,-6.4162,0.5179,0.5179,2.0400,2.0400,1,0,0
3.447583,1788210121.858326,-6.2150,0.1523,0.1523,1.8800,1.8800,1,0,0
3.456127,1788210121.867211,-7.1494,-0.2598,-0.2598,1.7200,1.7200,1,0,0
3.464278,1788210121.874679,-7.4799,-0.6061,-0.6061,1.5600,1.5600,1,0,0
3.472681,1788210121.882840,-7.5560,-0.9692,-0.9692,1.4000,1.4000,1,0,0
3.481289,1788210121.891213,-7.9699,-1.3444,-1.3444,1.2400,1.2400,1,0,0
3.489471,1788210121.900198,-8.6242,-1.7618,-1.7618,1.0800,1.0800,1,0,0
3.497473,1788210121.907216,-8.6886,-2.0765,-2.0765,0.9200,0.9200,1,0,0
3.505871,1788210121.915603,-9.5512,-2.4793,-2.4793,0.7600,0.7600,1,0,0
3.514732,1788210121.924641,-10.1496,-2.9234,-2.9234,0.6000,0.6000,1,0,0
3.523233,1788210121.932971,-10.2033,-3.3140,-3.3140,0.4400,0.4400,1,0,0
3.531449,1788210121.940977,-10.7465,-3.6986,-3.6986,0.2800,0.2800,1,0,0
3.540216,1788210121.950942,-11.6650,-4.2056,-4.2056,0.1200,0.1200,1,0,0
3.548292,1788210121.957133,-12.1334,-4.5276,-4.5276,-0.0400,-0.0400,1,0,0
3.557000,1788210121.965742,-12.3976,-4.9655,-4.9655,-0.2000,-0.2000,1,0,0
3.565141,1788210121.974742,-12.9530,-5.4294,-5.4294,-0.3600,-0.3600,1,0,0
3.574126,1788210121.982866,-13.4779,-5.8543,-5.8543,-0.5200,-0.5200,1,0,0
3.582565,1788210121.990873,-13.5380,-6.2549,-6.2549,-0.6800,-0.6800,1,0,0
3.591407,1788210121.999143,-14.3387,-6.6898,-6.6898,-0.8400,-0.8400,1,0,0
3.599410,1788210122.007149,-14.6958,-7.1081,-7.1081,-1.0000,-1.0000,1,0,0
3.607985,1788210122.016068,-15.5682,-7.5980,-7.5980,-1.1600,-1.1600,1,0,0
3.616726,1788210122.024728,-15.5430,-8.0457,-8.0457,-1.3200,-1.3200,1,0,0
3.625412,1788210122.033180,-16.4224,-8.5076,-8.5076,-1.4800,-1.4800,1,0,0
3.634138,1788210122.040187,-16.9309,-8.8969,-8.8969,-1.6400,-1.6400,1,0,0
3.642235,1788210122.049977,-17.4646,-9.4404,-9.4404,-1.8000,-1.8000,1,0,0
3.650416,1788210122.058993,-17.5796,-9.9186,-9.9186,-1.9600,-1.9600,1,0,0
3.659412,1788210122.066289,-17.6404,-10.2902,-10.2902,-2.1200,-2.1200,1,0,0
3.667417,1788210122.075155,-18.2735,-10.7524,-10.7524,-2.2800,-2.2800,1,0,0
3.675421,1788210122.082175,-18.5681,-11.1155,-11.1155,-2.4400,-2.4400,1,0,0
3.683703,1788210122.091456,-19.3252,-11.6124,-11.6124,-2.6000,-2.6000,1,0,0
3.692023,1788210122.099680,-19.8814,-12.0593,-12.0593,-2.7600,-2.7600,1,0,0
3.701117,1788210122.107770,-20.2116,-12.4935,-12.4935,-2.9200,-2.9200,1,0,0
3.709122,1788210122.115881,-20.9157,-12.9434,-12.9434,-3.0800,-3.0800,1,0,0
3.717290,1788210122.124866,-21.6802,-13.4578,-13.4578,-3.2400,-3.2400,1,0,0
3.725397,1788210122.133139,-21.6813,-13.9060,-13.9060,-3.4000,-3.4000,1,0,0
3.734140,1788210122.142130,-21.9159,-14.3781,-14.3781,-3.5600,-3.5600,1,0,0
3.743127,1788210122.149874,-22.6230,-14.8005,-14.8005,-3.7200,-3.7200,1,0,0
3.751679,1788210122.157875,-23.5427,-15.2629,-15.2629,-3.8800,-3.8800,1,0,0
3.760598,1788210122.166423,-23.4990,-15.7268,-15.7268,-4.0400,-4.0400,1,0,0
3.769088,1788210122.175449,-23.9503,-16.2143,-16.2143,-4.2000,-4.2000,1,0,0
3.777220,1788210122.182932,-24.5842,-16.6304,-16.6304,-4.3600,-4.3600,1,0,0
3.785284,1788210122.191849,-25.0670,-17.1254,-17.1254,-4.5200,-4.5200,1,0,0
3.793875,1788210122.199022,-25.4919,-17.5253,-17.5253,-4.6800,-4.6800,1,0,0
3.802302,1788210122.207718,-26.2259,-18.0246,-18.0246,-4.8400,-4.8400,1,0,0
3.810323,1788210122.216125,-26.3410,-18.4870,-18.4870,-5.0000,-5.0000,1,0,0
3.818433,1788210122.225048,-26.5875,-18.9634,-18.9634,-5.1600,-5.1600,1,0,0
3.827334,1788210122.232157,-26.8201,-19.3362,-19.3362,-5.3200,-5.3200,1,0,0
3.835881,1788210122.242597,-27.7846,-19.9117,-19.9117,-5.4800,-5.4800,1,0,0
3.843910,1788210122.249656,-27.9163,-20.2890,-20.2890,-5.6400,-5.6400,1,0,0
3.852448,1788210122.258652,-28.3878,-20.7692,-20.7692,-5.8000,-5.8000,1,0,0
3.860528,1788210122.266189,-28.7000,-21.1672,-21.1672,-5.9600,-5.9600,1,0,0
3.868699,1788210122.274295,-28.9890,-21.5877,-21.5877,-6.1200,-6.1200,1,0,0
3.877704,1788210122.282442,-29.3557,-22.0075,-22.0075,-6.2800,-6.2800,1,0,0
3.885739,1788210122.290966,-30.2093,-22.4700,-22.4700,-6.4400,-6.4400,1,0,0
3.894734,1788210122.299483,-30.6501,-22.9310,-22.9310,-6.6000,-6.6000,1,0,0
3.903609,1788210122.308991,-30.6762,-23.4147,-23.4147,-6.7600,-6.7600,1,0,0
3.913109,1788210122.316349,-31.5178,-23.8122,-23.8122,-6.9200,-6.9200,1,0,0
3.921257,1788210122.324852,-31.5472,-24.2473,-24.2473,-7.0800,-7.0800,1,0,0
3.929430,1788210122.333000,-31.7624,-24.6533,-24.6533,-7.2400,-7.2400,1,0,0
3.938159,1788210122.341173,-32.3325,-25.0694,-25.0694,-7.4000,-7.4000,1,1,0
3.946547,1788210122.349902,-32.8467,-25.5176,-25.5176,-7.5600,-7.5600,1,1,0
3.954646,1788210122.365393,-33.3835,-26.2848,-26.2848,-7.7200,-7.7200,1,1,0
3.962668,1788210122.365393,-33.3835,-26.6601,-26.6601,-7.8800,-7.8800,1,1,0
3.971580,1788210122.374411,-33.4706,-27.0629,-27.0629,-8.0400,-8.0400,1,1,0
3.980281,1788210122.383322,-34.3678,-27.4899,-27.4899,-8.2000,-8.2000,1,1,0
3.988929,1788210122.399677,-34.7098,-28.2254,-28.2254,-8.3600,-8.3600,1,1,0
3.997910,1788210122.407756,-35.2905,-28.6002,-28.6002,-8.5200,-8.5200,1,1,0
4.006343,1788210122.415770,-35.6850,-28.9734,-28.9734,-8.6800,-8.6800,1,1,0
4.014590,1788210122.424030,-35.7670,-29.3415,-29.3415,-8.8400,-8.8400,1,1,0
4.023089,1788210122.432824,-36.2425,-29.7381,-29.7381,-9.0000,-9.0000,1,1,0
4.031104,1788210122.441858,-36.6304,-30.1442,-30.1442,-9.1600,-9.1600,1,1,0
4.039797,1788210122.449634,-36.9314,-30.4913,-30.4913,-9.3200,-9.3200,1,1,0
4.048504,1788210122.458149,-36.9082,-30.8487,-30.8487,-9.4800,-9.4800,1,1,0
4.057503,1788210122.466243,-37.1126,-31.1812,-31.1812,-9.6400,-9.6400,1,1,0
4.065511,1788210122.475254,-37.9776,-31.5802,-31.5802,-9.8000,-9.8000,1,1,0
4.073511,1788210122.482266,-38.1576,-31.8848,-31.8848,-9.9600,-9.9600,1,1,0
4.081838,1788210122.490488,-38.5113,-32.2417,-32.2417,-10.1200,-10.1200,1,1,0
4.090761,1788210122.498595,-38.4553,-32.5719,-32.5719,-10.2800,-10.2800,1,1,0
4.099181,1788210122.507864,-38.9189,-32.9542,-32.9542,-10.4400,-10.4400,1,1,0
4.108095,1788210122.515923,-38.6897,-33.2568,-33.2568,-10.6000,-10.6000,1,1,0
4.116796,1788210122.524544,-39.2876,-33.5957,-33.5957,-10.7600,-10.7600,1,1,0
4.126289,1788210122.533548,-39.8336,-33.9606,-33.9606,-10.9200,-10.9200,1,1,0
4.135018,1788210122.541133,-39.8799,-34.2551,-34.2551,-11.0800,-11.0800,1,1,0
4.144046,1788210122.549852,-39.6589,-34.5614,-34.5614,-11.2400,-11.2400,1,1,0
4.152756,1788210122.557889,-40.6412,-34.8805,-34.8805,-11.4000,-11.4000,1,1,0
4.160913,1788210122.566573,-40.4579,-35.1952,-35.1952,-11.5600,-11.5600,1,1,0
4.169908,1788210122.574728,-40.5528,-35.4799,-35.4799,-11.7200,-11.7200,1,1,0
4.178439,1788210122.582734,-40.7168,-35.7532,-35.7532,-11.8800,-11.8800,1,1,0
4.187421,1788210122.591221,-41.1774,-36.0521,-36.0521,-12.0400,-12.0400,1,1,0
4.195421,1788210122.600164,-41.1251,-36.3454,-36.3454,-12.2000,-12.2000,1,1,0
4.204137,1788210122.607164,-41.3887,-36.5766,-36.5766,-12.3600,-12.3600,1,1,0
4.212424,1788210122.616882,-41.8093,-36.9033,-36.9033,-12.5200,-12.5200,1,1,0
4.221032,1788210122.624166,-42.1766,-37.1540,-37.1540,-12.6800,-12.6800,1,1,0
4.229414,1788210122.632775,-42.3852,-37.4451,-37.4451,-12.8400,-12.8400,1,1,0
4.238062,1788210122.641157,-42.7946,-37.7353,-37.7353,-13.0000,-13.0000,1,1,0
4.246577,1788210122.649805,-42.4069,-37.9961,-37.9961,-13.1600,-13.1600,1,1,0
4.255684,1788210122.658320,-42.5596,-38.2468,-38.2468,-13.3200,-13.3200,1,1,0
4.264593,1788210122.675327,-43.1215,-38.7519,-38.7519,-13.4800,-13.4800,1,1,0
4.273504,1788210122.682330,-43.2178,-38.9548,-38.9548,-13.6400,-13.6400,1,1,0
4.282016,1788210122.690672,-42.9454,-39.1687,-39.1687,-13.8000,-13.8000,1,1,0
4.291091,1788210122.698757,-43.9803,-39.4190,-39.4190,-13.9600,-13.9600,1,1,0
4.299124,1788210122.707856,-43.4612,-39.6538,-39.6538,-14.1200,-14.1200,1,1,0
4.308549,1788210122.715870,-43.6464,-39.8593,-39.8593,-14.2800,-14.2800,1,1,0
4.317241,1788210122.723979,-43.7958,-40.0641,-40.0641,-14.4400,-14.4400,1,1,0
4.325260,1788210122.732975,-43.9258,-40.2854,-40.2854,-14.6000,-14.6000,1,1,0
4.333333,1788210122.741402,-44.0240,-40.4867,-40.4867,-14.7600,-14.7600,1,1,0
4.341944,1788210122.750084,-43.6825,-40.6634,-40.6634,-14.9200,-14.9200,1,1,0
4.350842,1788210122.757573,-43.9872,-40.8230,-40.8230,-15.0800,-15.0800,1,1,0
4.359829,1788210122.766493,-43.9729,-41.0013,-41.0013,-15.2400,-15.2400,1,1,0
4.367922,1788210122.774710,-43.9880,-41.1576,-41.1576,-15.4000,-15.4000,1,1,0
4.377295,1788210122.783674,-43.9694,-41.3171,-41.3171,-15.5600,-15.5600,1,1,0
4.385309,1788210122.791155,-43.9155,-41.4411,-41.4411,-15.7200,-15.7200,1,1,0
4.394317,1788210122.800056,-44.1882,-41.5956,-41.5956,-15.8800,-15.8800,1,1,0
4.402319,1788210122.807061,-44.3096,-41.7170,-41.7170,-16.0400,-16.0400,1,1,0
4.411327,1788210122.816062,-44.7566,-41.8894,-41.8894,-16.2000,-16.2000,1,1,0
4.420021,1788210122.824070,-44.6553,-42.0297,-42.0297,-16.3600,-16.3600,1,1,0
4.428533,1788210122.832270,-44.6056,-42.1632,-42.1632,-16.5200,-16.5200,1,1,0
4.437548,1788210122.841275,-44.5893,-42.3004,-42.3004,-16.6800,-16.6800,1,1,0
4.446333,1788210122.849291,-44.4340,-42.4083,-42.4083,-16.8400,-16.8400,1,1,0
4.455258,1788210122.858076,-44.4947,-42.5233,-42.5233,-17.0000,-17.0000,1,1,0
4.463794,1788210122.874535,-44.1792,-42.6858,-42.6858,-17.1600,-17.1600,1,1,0
4.472791,1788210122.882537,-44.0428,-42.7539,-42.7539,-17.3200,-17.3200,1,1,0
4.481382,1788210122.891046,-44.4299,-42.8430,-42.8430,-17.4800,-17.4800,1,1,0
4.489384,1788210122.899122,-44.2252,-42.9128,-42.9128,-17.6400,-17.6400,1,1,0
4.497394,1788210122.907139,-44.3848,-42.9865,-42.9865,-17.8000,-17.8000,1,1,0
4.505485,1788210122.915197,-43.7969,-43.0273,-43.0273,-17.9600,-17.9600,1,1,0
4.514071,1788210122.924810,-43.6966,-43.0669,-43.0669,-18.1200,-18.1200,1,1,0
4.522681,1788210122.933419,-44.3682,-43.1364,-43.1364,-18.2800,-18.2800,1,1,0
4.531672,1788210122.941429,-43.9407,-43.1764,-43.1764,-18.4400,-18.4400,1,1,0
4.541348,1788210122.950105,-43.8518,-43.2126,-43.2126,-18.6000,-18.6000,1,1,0
4.550060,1788210122.957808,-43.1451,-43.2094,-43.2094,-18.7600,-18.7600,1,1,0
4.558064,1788210122.966801,-43.6162,-43.2318,-43.2318,-18.9200,-18.9200,1,1,0
4.566868,1788210122.974612,-43.3912,-43.2395,-43.2395,-19.0800,-19.0800,1,1,0
4.575398,1788210122.983610,-43.0863,-43.2311,-43.2311,-19.2400,-19.2400,1,1,0
4.584470,1788210122.991138,-42.6439,-43.2038,-43.2038,-19.4000,-19.4000,1,1,0
4.592590,1788210122.999223,-42.9996,-43.1937,-43.1937,-19.5600,-19.5600,1,1,0
4.601576,1788210123.007317,-42.8653,-43.1774,-43.1774,-19.7200,-19.7200,1,1,0
4.609783,1788210123.016233,-42.1949,-43.1240,-43.1240,-19.8800,-19.8800,1,1,0
4.618417,1788210123.024534,-41.9047,-43.0623,-43.0623,-20.0400,-20.0400,1,1,0
4.626996,1788210123.032735,-42.2611,-43.0223,-43.0223,-20.2000,-20.2000,1,1,0
4.635692,1788210123.040804,-42.1559,-42.9797,-42.9797,-20.3600,-20.3600,1,1,0
4.644414,1788210123.049434,-42.1387,-42.9357,-42.9357,-20.5200,-20.5200,1,1,0
4.653389,1788210123.058214,-41.9167,-42.8816,-42.8816,-20.6800,-20.6800,1,1,0
4.661834,1788210123.066133,-41.7582,-42.8277,-42.8277,-20.8400,-20.8400,1,1,0
4.669907,1788210123.074657,-41.3032,-42.7492,-42.7492,-21.0000,-21.0000,1,1,0
4.678229,1788210123.083658,-40.6921,-42.6381,-42.6381,-21.1600,-21.1600,1,1,0
4.686439,1788210123.091057,-40.4364,-42.5395,-42.5395,-21.3200,-21.3200,1,1,0
4.694537,1788210123.099262,-40.3455,-42.4313,-42.4313,-21.4800,-21.4800,1,1,0
4.702540,1788210123.107368,-40.5523,-42.3398,-42.3398,-21.6400,-21.6400,1,1,0
4.711235,1788210123.116960,-39.6864,-42.1886,-42.1886,-21.8000,-21.8000,1,1,0
4.719348,1788210123.123980,-39.9445,-42.0938,-42.0938,-21.9600,-21.9600,1,1,0
4.727352,1788210123.132193,-39.6440,-41.9734,-41.9734,-22.1200,-22.1200,1,1,0
4.735852,1788210123.142184,-39.2811,-41.8139,-41.8139,-22.2800,-22.2800,1,1,0
4.744346,1788210123.149285,-38.6213,-41.6769,-41.6769,-22.4400,-22.4400,1,1,0
4.752347,1788210123.158082,-39.4209,-41.5580,-41.5580,-22.6000,-22.6000,1,1,0
4.760446,1788210123.166169,-38.4881,-41.4083,-41.4083,-22.7600,-22.7600,1,1,0
4.768521,1788210123.174277,-38.0636,-41.2446,-41.2446,-22.9200,-22.9200,1,1,0
4.776940,1788210123.182791,-38.0214,-41.0790,-41.0790,-23.0800,-23.0800,1,1,0
4.785936,1788210123.191761,-37.7197,-40.8974,-40.8974,-23.2400,-23.2400,1,1,0
4.794857,1788210123.199694,-37.1125,-40.7149,-40.7149,-23.4000,-23.4000,1,1,0
4.803833,1788210123.208577,-37.2858,-40.5305,-40.5305,-23.5600,-23.5600,1,1,0
4.812531,1788210123.217175,-36.8121,-40.3364,-40.3364,-23.7200,-23.7200,1,1,0
4.821705,1788210123.224273,-36.3799,-40.1640,-40.1640,-23.8800,-23.8800,1,1,0
4.829812,1788210123.240547,-35.6860,-39.7400,-39.7400,-24.0400,-24.0400,1,1,0
4.838833,1788210123.240547,-35.6860,-39.5414,-39.5414,-24.2000,-24.2000,1,1,0
4.847337,1788210123.258078,-35.1348,-39.0943,-39.0943,-24.3600,-24.3600,1,1,0
4.855344,1788210123.266078,-34.7627,-38.8816,-38.8816,-24.5200,-24.5200,1,1,0
4.863348,1788210123.274095,-34.4915,-38.6652,-38.6652,-24.6800,-24.6800,1,1,0
4.872137,1788210123.282861,-34.2738,-38.4292,-38.4292,-24.8400,-24.8400,1,1,0
4.881130,1788210123.290873,-34.3352,-38.2270,-38.2270,-25.0000,-25.0000,0,1,0
4.889415,1788210123.299381,-33.4142,-37.9749,-37.9749,-25.0000,-25.0000,0,1,0
4.897518,1788210123.308343,-33.6670,-37.7375,-37.7375,-25.0000,-25.0000,0,1,0
4.905929,1788210123.316573,-32.9072,-37.4916,-37.4916,-25.0000,-25.0000,0,1,0
4.913938,1788210123.323682,-32.2438,-37.2587,-37.2587,-25.0000,-25.0000,0,1,0
4.922037,1788210123.332772,-31.9466,-36.9605,-36.9605,-25.0000,-25.0000,0,1,0
4.930945,1788210123.340785,-31.6546,-36.6958,-36.6958,-25.0000,-25.0000,0,1,0
4.939766,1788210123.348815,-30.7851,-36.3996,-36.3996,-25.0000,-25.0000,0,1,0
4.947767,1788210123.358430,-31.0032,-36.0787,-36.0787,-25.0000,-25.0000,0,1,0
4.955888,1788210123.365530,-30.4389,-35.8266,-35.8266,-25.0000,-25.0000,0,1,0
4.964801,1788210123.374550,-30.2390,-35.5127,-35.5127,-25.0000,-25.0000,0,1,0
4.973113,1788210123.382747,-29.8000,-35.2190,-35.2190,-25.0000,-25.0000,0,1,0
4.981379,1788210123.391039,-28.8546,-34.8877,-34.8877,-25.0000,-25.0000,0,1,0
4.989391,1788210123.400136,-28.6093,-34.5304,-34.5304,-25.0000,-25.0000,0,1,0
4.997392,1788210123.408131,-28.0872,-34.2053,-34.2053,-25.0000,-25.0000,0,1,0
5.005839,1788210123.416757,-27.6210,-33.8477,-33.8477,-25.0000,-25.0000,0,1,0
5.014026,1788210123.423765,-27.4988,-33.5641,-33.5641,-25.0000,-25.0000,0,1,0
5.023448,1788210123.433371,-26.8584,-33.1598,-33.1598,-25.0000,-25.0000,0,1,0
5.031852,1788210123.440470,-26.5289,-32.8590,-32.8590,-25.0000,-25.0000,0,1,0
5.040773,1788210123.450527,-26.0629,-32.4300,-32.4300,-25.0000,-25.0000,0,1,0
5.048775,1788210123.458523,-25.5847,-32.0814,-32.0814,-25.0000,-25.0000,0,1,0
5.056878,1788210123.465527,-25.2439,-31.7738,-31.7738,-25.0000,-25.0000,0,1,0
5.065881,1788210123.474632,-25.2637,-31.3979,-31.3979,-25.0000,-25.0000,0,1,0
5.074139,1788210123.482867,-24.4557,-31.0328,-31.0328,-25.0000,-25.0000,0,1,0
5.082241,1788210123.490971,-23.9470,-30.6653,-30.6653,-25.0000,-25.0000,0,1,0
5.090323,1788210123.498972,-23.6098,-30.3032,-30.3032,-25.0000,-25.0000,0,1,0
5.098325,1788210123.507086,-23.6418,-29.9564,-29.9564,-25.0000,-25.0000,0,1,0
5.106603,1788210123.516339,-22.0213,-29.4882,-29.4882,-25.0000,-25.0000,0,1,0
5.115606,1788210123.524346,-22.2121,-29.1131,-29.1131,-25.0000,-25.0000,0,1,0
5.123797,1788210123.533530,-21.3807,-28.6589,-28.6589,-25.0000,-25.0000,0,1,0
5.132587,1788210123.541339,-20.8426,-28.2644,-28.2644,-25.0000,-25.0000,0,1,0
5.140751,1788210123.549490,-20.7072,-27.8666,-27.8666,-25.0000,-25.0000,0,1,0
5.149408,1788210123.557490,-20.3609,-27.4780,-27.4780,-25.0000,-25.0000,0,1,0
5.157466,1788210123.566195,-20.2461,-27.0721,-27.0721,-25.0000,-25.0000,0,1,0
5.165540,1788210123.574285,-19.3683,-26.6682,-26.6682,-25.0000,-25.0000,0,1,0
5.174473,1788210123.583217,-18.4693,-26.1957,-26.1957,-25.0000,-25.0000,0,1,0
5.183467,1788210123.592208,-18.2002,-25.7316,-25.7316,-25.0000,-25.0000,0,1,0
5.191564,1788210123.599308,-17.7858,-25.3623,-25.3623,-25.0000,-25.0000,0,1,0
5.200140,1788210123.607310,-17.9314,-24.9750,-24.9750,-24.9750,-24.9750,0,0,0
5.208737,1788210123.616378,-17.1070,-24.5132,-24.5132,-24.8150,-24.8150,1,0,0
5.216786,1788210123.624428,-16.7515,-24.1057,-24.1057,-24.6550,-24.6550,1,0,0
5.225196,1788210123.633130,-16.6636,-23.6849,-23.6849,-24.4950,-24.4950,1,0,0
5.233210,1788210123.641943,-16.1392,-23.2530,-23.2530,-24.3350,-24.3350,1,0,0
5.241427,1788210123.649066,-14.9629,-22.8646,-22.8646,-24.1750,-24.1750,1,0,0
5.249981,1788210123.657682,-14.7849,-22.4108,-22.4108,-24.0150,-24.0150,1,0,0
5.258046,1788210123.665814,-14.2983,-21.9790,-21.9790,-23.8550,-23.8550,1,0,0
5.267050,1788210123.674703,-13.7131,-21.5002,-21.5002,-23.6950,-23.6950,1,0,0
5.275690,1788210123.683451,-13.3828,-21.0367,-21.0367,-23.5350,-23.5350,1,0,0
5.284691,1788210123.691430,-12.9886,-20.6151,-20.6151,-23.3750,-23.3750,1,0,0
5.292702,1788210123.699535,-12.2678,-20.1708,-20.1708,-23.2150,-23.2150,1,0,0
5.301858,1788210123.708527,-11.5728,-19.6658,-19.6658,-23.0550,-23.0550,1,0,0
5.309959,1788210123.715699,-11.5648,-19.2812,-19.2812,-22.8950,-22.8950,1,0,0
5.317968,1788210123.724700,-11.0426,-18.7961,-18.7961,-22.7350,-22.7350,1,0,0
5.326105,1788210123.732917,-10.7329,-18.3602,-18.3602,-22.5750,-22.5750,1,0,0
5.335301,1788210123.741805,-10.2847,-17.8900,-17.8900,-22.4150,-22.4150,1,0,0
5.343316,1788210123.749064,-9.3267,-17.4778,-17.4778,-22.2550,-22.2550,1,0,0
5.351914,1788210123.758059,-8.8453,-16.9686,-16.9686,-22.0950,-22.0950,1,0,0
5.360785,1788210123.766610,-8.8961,-16.5144,-16.5144,-21.9350,-21.9350,1,0,0
5.369700,1788210123.774643,-7.9551,-16.0601,-16.0601,-21.7750,-21.7750,1,0,0
5.377709,1788210123.783364,-7.7530,-15.5835,-15.5835,-21.6150,-21.6150,1,0,0
5.385725,1788210123.790459,-7.7324,-15.2127,-15.2127,-21.4550,-21.4550,1,0,0
5.393726,1788210123.799467,-6.5543,-14.7000,-14.7000,-21.2950,-21.2950,1,0,0
5.402538,1788210123.807739,-6.0237,-14.2255,-14.2255,-21.1350,-21.1350,1,0,0
5.411832,1788210123.816396,-6.0217,-13.7572,-13.7572,-20.9750,-20.9750,1,0,0
5.420295,1788210123.824596,-5.4742,-13.3077,-13.3077,-20.8150,-20.8150,1,0,0
5.428591,1788210123.833035,-5.0928,-12.8496,-12.8496,-20.6550,-20.6550,1,0,0
5.436769,1788210123.841339,-4.9228,-12.4142,-12.4142,-20.4950,-20.4950,1,0,0
5.445227,1788210123.849545,-4.6372,-11.9917,-11.9917,-20.3350,-20.3350,1,0,0
5.453339,1788210123.857970,-3.5454,-11.5212,-11.5212,-20.1750,-20.1750,1,0,0
5.462327,1788210123.866078,-3.6125,-11.0962,-11.0962,-20.0150,-20.0150,1,0,0
5.470729,1788210123.875087,-2.9832,-10.6147,-10.6147,-19.8550,-19.8550,1,0,0
5.479656,1788210123.882472,-2.0945,-10.1954,-10.1954,-19.6950,-19.6950,1,0,0
5.487838,1788210123.891399,-1.9832,-9.7118,-9.7118,-19.5350,-19.5350,1,0,0
5.495851,1788210123.899580,-1.3949,-9.2606,-9.2606,-19.3750,-19.3750,1,0,0
5.504200,1788210123.907594,-1.0304,-8.8226,-8.8226,-19.2150,-19.2150,1,0,0
5.513114,1788210123.915942,-0.8738,-8.3829,-8.3829,-19.0550,-19.0550,1,0,0
5.521513,1788210123.924857,-0.3824,-7.9122,-7.9122,-18.8950,-18.8950,1,0,0
5.530504,1788210123.933256,0.3101,-7.4548,-7.4548,-18.7350,-18.7350,1,0,0
5.539847,1788210123.949686,1.1993,-6.5641,-6.5641,-18.5750,-18.5750,1,0,0
5.546941,1788210123.957688,0.9251,-6.1677,-6.1677,-18.4150,-18.4150,1,0,0
5.555038,1788210123.965787,1.7294,-5.7448,-5.7448,-18.2550,-18.2550,1,0,0
5.564654,1788210123.974776,2.4529,-5.2605,-5.2605,-18.0950,-18.0950,1,0,0
5.573570,1788210123.983207,2.6570,-4.8200,-4.8200,-17.9350,-17.9350,1,0,0
5.582465,1788210123.991211,2.8558,-4.4134,-4.4134,-17.7750,-17.7750,1,0,0
5.590841,1788210123.999505,3.3444,-3.9884,-3.9884,-17.6150,-17.6150,1,0,0
5.599540,1788210124.007588,3.9027,-3.5663,-3.5663,-17.4550,-17.4550,1,0,0
5.607590,1788210124.016328,3.9775,-3.1321,-3.1321,-17.2950,-17.2950,1,0,0
5.615606,1788210124.024345,4.6160,-2.7209,-2.7209,-17.1350,-17.1350,1,0,0
5.624447,1788210124.032354,5.2568,-2.2978,-2.2978,-16.9750,-16.9750,1,0,0
5.633532,1788210124.040768,5.2388,-1.8790,-1.8790,-16.8150,-16.8150,1,0,0
5.642182,1788210124.048915,5.7783,-1.4663,-1.4663,-16.6550,-16.6550,1,0,0
5.650197,1788210124.057937,5.3135,-1.0643,-1.0643,-16.4950,-16.4950,1,0,0
5.659198,1788210124.065938,6.3885,-0.6698,-0.6698,-16.3350,-16.3350,1,0,0
5.667854,1788210124.074464,6.4911,-0.2674,-0.2674,-16.1750,-16.1750,1,0,0
5.676064,1788210124.082596,6.6551,0.1045,0.1045,-16.0150,-16.0150,1,0,0
5.684134,1788210124.090697,7.2261,0.4856,0.4856,-15.8550,-15.8550,1,0,0
5.692231,1788210124.100234,7.5358,0.9252,0.9252,-15.6950,-15.6950,1,0,0
5.700801,1788210124.107280,8.1665,1.2645,1.2645,-15.5350,-15.5350,1,0,0
5.709048,1788210124.116832,8.2671,1.7016,1.7016,-15.3750,-15.3750,1,0,0
5.717222,1788210124.124789,8.4809,2.0577,2.0577,-15.2150,-15.2150,1,0,0
5.726134,1788210124.132958,8.8733,2.4246,2.4246,-15.0550,-15.0550,1,0,0
5.734824,1788210124.141468,9.1928,2.8032,2.8032,-14.8950,-14.8950,1,0,0
5.743679,1788210124.150300,9.1677,3.1715,3.1715,-14.7350,-14.7350,1,0,0
5.752570,1788210124.157397,9.7307,3.4802,3.4802,-14.5750,-14.5750,1,0,0
5.761263,1788210124.166401,10.0038,3.8644,3.8644,-14.4150,-14.4150,1,0,0
5.769918,1788210124.175026,10.0873,4.2161,4.2161,-14.2550,-14.2550,1,0,0
5.778605,1788210124.182340,10.7610,4.5325,4.5325,-14.0950,-14.0950,1,0,0
5.787084,1788210124.191355,10.6448,4.8923,4.8923,-13.9350,-13.9350,1,0,0
5.795090,1788210124.199826,10.8188,5.2210,5.2210,-13.7750,-13.7750,1,0,0
5.803710,1788210124.207916,10.5393,5.5032,5.5032,-13.6150,-13.6150,1,0,0
5.812094,1788210124.216456,11.6301,5.8451,5.8451,-13.4550,-13.4550,1,0,0
5.824005,1788210124.224839,12.2478,6.1961,6.1961,-13.2950,-13.2950,1,0,0
5.832608,1788210124.241377,11.8646,6.7754,6.7754,-13.1350,-13.1350,1,0,0
5.841542,1788210124.250282,12.5665,7.1096,7.1096,-12.9750,-12.9750,1,0,0
5.850538,1788210124.257287,12.5438,7.3594,7.3594,-12.8150,-12.8150,1,0,0
5.858636,1788210124.266305,12.6907,7.6704,7.6704,-12.6550,-12.6550,1,0,0
5.867993,1788210124.274382,13.1015,7.9558,7.9558,-12.4950,-12.4950,1,0,0
5.876086,1788210124.282834,13.1261,8.2392,8.2392,-12.3350,-12.3350,1,0,0
5.884688,1788210124.291441,13.4715,8.5307,8.5307,-12.1750,-12.1750,1,0,0
5.892969,1788210124.300446,13.7631,8.8347,8.8347,-12.0150,-12.0150,1,0,0
5.901525,1788210124.307627,13.9411,9.0740,9.0740,-11.8550,-11.8550,1,0,0
5.909615,1788210124.316351,13.7050,9.3348,9.3348,-11.6950,-11.6950,1,0,0
5.918730,1788210124.325263,13.9710,9.6009,9.6009,-11.5350,-11.5350,1,0,0
5.926749,1788210124.332577,13.9486,9.8076,9.8076,-11.3750,-11.3750,1,0,0
5.935135,1788210124.341569,14.5369,10.0809,10.0809,-11.2150,-11.2150,1,0,0
5.943777,1788210124.349601,14.5134,10.3109,10.3109,-11.0550,-11.0550,1,0,0
5.951955,1788210124.358600,14.4730,10.5511,10.5511,-10.8950,-10.8950,1,0,0
5.959974,1788210124.365697,14.4047,10.7285,10.7285,-10.7350,-10.7350,1,0,0
5.968459,1788210124.374700,14.9105,10.9695,10.9695,-10.5750,-10.5750,1,0,0
5.977077,1788210124.383208,14.5843,11.1667,11.1667,-10.4150,-10.4150,1,0,0
5.985878,1788210124.391895,15.0648,11.3834,11.3834,-10.2550,-10.2550,1,0,0
5.994794,1788210124.399646,15.0552,11.5664,11.5664,-10.0950,-10.0950,1,0,0
6.003587,1788210124.408628,14.6493,11.7428,11.7428,-9.9350,-9.9350,1,0,0
6.011591,1788210124.416333,15.1838,11.9129,11.9129,-9.7750,-9.7750,1,0,0
6.020655,1788210124.425328,15.6237,12.1251,12.1251,-9.6150,-9.6150,1,0,0
6.029335,1788210124.432398,15.1201,12.2613,12.2613,-9.4550,-9.4550,1,0,0
6.038110,1788210124.441078,15.5682,12.4437,12.4437,-9.2950,-9.2950,1,0,0
6.046193,1788210124.449853,15.7835,12.6297,12.6297,-9.1350,-9.1350,1,0,0
6.054296,1788210124.457936,15.3727,12.7709,12.7709,-8.9750,-8.9750,1,0,0
6.062298,1788210124.466039,15.6848,12.9210,12.9210,-8.8150,-8.8150,1,0,0
6.071012,1788210124.474041,15.6138,13.0580,13.0580,-8.6550,-8.6550,1,0,0
6.079733,1788210124.482755,15.8636,13.2125,13.2125,-8.4950,-8.4950,1,0,0
6.087959,1788210124.491476,15.7700,13.3533,13.3533,-8.3350,-8.3350,1,0,0
6.096063,1788210124.499702,15.5629,13.4682,13.4682,-8.1750,-8.1750,1,0,0
6.104356,1788210124.507806,16.0648,13.6012,13.6012,-8.0150,-8.0150,1,0,0
6.112361,1788210124.516099,15.4720,13.6990,13.6990,-7.8550,-7.8550,1,0,0
6.120489,1788210124.524104,15.6812,13.7991,13.7991,-7.6950,-7.6950,1,0,0
6.128764,1788210124.532232,15.5978,13.8912,13.8912,-7.5350,-7.5350,1,0,0
6.137565,1788210124.540507,14.9055,13.9439,13.9439,-7.3750,-7.3750,1,0,0
6.145644,1788210124.550395,15.7670,14.0557,14.0557,-7.2150,-7.2150,1,0,0
6.154344,1788210124.558389,15.1686,14.1115,14.1115,-7.0550,-7.0550,1,0,0
6.163338,1788210124.566087,15.7963,14.1929,14.1929,-6.8950,-6.8950,1,0,0
6.172047,1788210124.582789,14.9706,14.2697,14.2697,-6.7350,-6.7350,1,0,0
6.181043,1788210124.591782,15.4690,14.3365,14.3365,-6.5750,-6.5750,1,0,0
6.189144,1788210124.598892,14.8188,14.3580,14.3580,-6.4150,-6.4150,1,0,0
6.197151,1788210124.607887,15.0356,14.3956,14.3956,-6.2550,-6.2550,1,0,0
6.206136,1788210124.616883,14.8284,14.4196,14.4196,-6.0950,-6.0950,1,0,0
6.214152,1788210124.623893,14.8081,14.4366,14.4366,-5.9350,-5.9350,1,0,0
6.222264,1788210124.631929,15.2755,14.4783,14.4783,-5.7750,-5.7750,1,0,0
6.231109,1788210124.641260,14.3813,14.4727,14.4727,-5.6150,-5.6150,1,0,0
6.239788,1788210124.649452,14.0956,14.4537,14.4537,-5.4550,-5.4550,1,0,0
6.248395,1788210124.657533,14.0703,14.4347,14.4347,-5.2950,-5.2950,1,0,0
6.256944,1788210124.665610,13.8870,14.4075,14.4075,-5.1350,-5.1350,1,0,0
6.265418,1788210124.676147,13.8511,14.3721,14.3721,-4.9750,-4.9750,1,0,0
6.273421,1788210124.682163,14.1844,14.3651,14.3651,-4.8150,-4.8150,1,0,0
6.281435,1788210124.692162,13.5585,14.3164,14.3164,-4.6550,-4.6550,1,0,0
6.290434,1788210124.699177,13.5154,14.2819,14.2819,-4.4950,-4.4950,1,0,0
6.298681,1788210124.707686,13.4313,14.2379,14.2379,-4.3350,-4.3350,1,0,0
6.307210,1788210124.715948,13.0243,14.1770,14.1770,-4.1750,-4.1750,1,0,0
6.315768,1788210124.724491,12.7455,14.1030,14.1030,-4.0150,-4.0150,1,0,0
6.323857,1788210124.732602,13.3109,14.0640,14.0640,-3.8550,-3.8550,1,0,0
6.332096,1788210124.741030,12.8788,14.0037,14.0037,-3.6950,-3.6950,1,0,0
6.340712,1788210124.749352,12.8681,13.9467,13.9467,-3.5350,-3.5350,1,0,0
6.349260,1788210124.757554,12.2485,13.8627,13.8627,-3.3750,-3.3750,1,0,0
6.357369,1788210124.766137,11.5678,13.7444,13.7444,-3.2150,-3.2150,1,0,0
